"자치구","시장명","형태","주소","전화번호","건물형(연면적)","점포수(빈점포제외)"
"종로구","광장시장","건물형       ","종로구 창경궁로 88 광장시장","","18975","1579"
"종로구","광장전통시장","골목형       ","종로구 창경궁로 88 일대 광장전통시장","","49384","1830"
"종로구","낙원악기상가","건물형       ","서울 종로구 삼일대로 428 낙원상가","","20398","289"
"종로구","동대문문구?완구거리","골목형       ","종로구 종로52길 36 일대 동대문문구?완구거리","","8693","134"
"종로구","동대문상가A동","건물형       ","종로구 청계천로 295 동대문상가A동","","4735","219"
"종로구","동대문상가B동","건물형       ","종로구 청계천로 307 동대문상가B동","","4735","238"
"종로구","동대문상가C동","건물형       ","종로구 청계천로 319 동대문상가C동","","4735","185"
"종로구","동대문상가D동(일신파워빌딩)","건물형       ","종로구 청계천로 331 동대문상가D동(일신파워빌딩)","","8370","132"
"종로구","동대문종합시장","건물형       ","종로구 종로 266 동대문종합시장","","61475","3400"
"종로구","동대문종합시장D동","건물형       ","종로구 종로 266 동대문종합시장D동","","12452","1048"
"종로구","동대문종합시장신관","건물형       ","종로구 종로272 동대문종합시장신관","","13533","311"
"종로구","동대문지하쇼핑센터","지하도상가     ","종로구 율곡로 지하 308 동대문지하쇼핑센터","","2285","48"
"종로구","동묘시장","골목형       ","종로구 종로 58길40 동묘시장","","5480","135"
"종로구","동문시장","건물형       ","종로구 종로44길 14 동문시장","","3226","340"
"종로구","마전교지하쇼핑센터","지하도상가     ","종로구 동호로 지하 398 마전교지하쇼핑센터","","1210","32"
"종로구","보령약국골목상가","상점가       ","서울 종로구 종로31길 22 종로31길 22 일대","","1336.36","247"
"종로구","북촌계동길 골목형상점가","골목형       ","서울 종로구 계동길 52-12 일대","","5680","106"
"종로구","삼청정독길 골목형상점가","골목형       ","서울 종로구 율곡로1길 52 일대","","2869","82"
"종로구","세운상가가동","건물형       ","종로구 청계천로 159 세운상가가동","","10818","357"
"종로구","세종마을음식문화거리","골목형       ","종로구 자하문로 1길 일대 세종마을음식문화거리","","5850","108"
"종로구","신설종합시장","건물형       ","종로구 난계로27길 51 신설종합시장","","1691","151"
"종로구","종각지하쇼핑센터","지하도상가     ","종로구 종로 지하 73 종각지하쇼핑센터","","4723","82"
"종로구","종로4가지하쇼핑센터","지하도상가     ","종로구 창경궁로 지하 81 종로4가지하쇼핑센터","","2997","102"
"종로구","종로신진시장","골목형       ","종로구 종로38길16 일대 종로신진시장","","1336","60"
"종로구","종오지하쇼핑센터","지하도상가     ","종로구 종로 지하 200 종오지하쇼핑센터","","4165","65"
"종로구","창신골목시장","골목형       ","종로구 종로51길 18 일대 창신골목시장","","6000","118"
"종로구","충신시장","골목형       ","종로구 율곡로22길 일대 충신시장","","1000","29"
"종로구","통인시장","골목형       ","서울 종로구 자하문로15길 18 통인시장 ","","4421","76"
"종로구","한일상가","건물형       ","종로구 청계천로 229 한일상가","","4894","220"
"종로구","종로신백제 골목형상점가","골목형       ","서울 종로구 종로 243 종로신백제 골목형상점가","","3052","45"
"중구","Team204 (팀204)","건물형       ","서울특별시 중구 마장로 30 team204 (팀204)","","5880.12","127"
"중구","광희패션몰","건물형       ","서울특별시 중구 마장로1길 21 광희패션몰","","8601","1083"
"중구","남대문로 지하상가","지하도상가     ","서울특별시 중구 남대문로 14 남대문로 지하상가","","2163","79"
"중구","남대문시장","건물형       ","서울특별시 중구 남대문시장4길 21 일대 남대문시장","","64612.86","4891"
"중구","남평화시장","건물형       ","서울특별시 중구 장충단로 282-10 남평화시장","","7266","770"
"중구","대림상가","건물형       ","서울특별시 중구 을지로 157 대림상가","","10956","362"
"중구","동평화시장","건물형       ","서울특별시 중구 청계천로 318 동평화시장","","24768","1285"
"중구","동화동 골목형상점가","골목형       ","서울특별시 중구 다산로42나길 46 일대 동화동 골목형상점가","","12512.67","70"
"중구","동화상가","건물형       ","서울특별시 중구 장충단로 13길 34 동화상가","","18707","715"
"중구","명동남산골 골목형상점가","골목형       ","서울특별시 중구 퇴계로20길 18 일대 명동남산골 골목형상점가","","5566.1","41"
"중구","명동역지하도상가","지하도상가     ","서울특별시 중구 퇴계로 지하 124 명동역지하도상가","","2215","69"
"중구","명동지하쇼핑센터","지하도상가     ","서울특별시 중구 남대문로지하 72 명동지하쇼핑센터","","3838","58"
"중구","방산시장","상점가       ","서울특별시 중구 을지로33길 18-1 방산시장","","66691","1130"
"중구","방산종합시장","건물형       ","서울특별시 중구 동호로37길 20 방산종합시장","","23336","576"
"중구","백학시장","상점가       ","서울특별시 중구 퇴계로86길 22 일대 백학시장","","5291","95"
"중구","벨포스트 (舊에리어식스)","건물형       ","서울특별시 중구 마장로 19 벨포스트 (舊에리어식스)","","4379","323"
"중구","삼익패션타운","건물형       ","서울특별시 중구 남대문시장8길 7 삼익패션타운","","29620.425","1446"
"중구","서울중앙시장","골목형       ","서울특별시 중구 퇴계로85길 36 일대 서울중앙시장","","24522","124"
"중구","소공지하도상가","지하도상가     ","서울특별시 중구 소공로지하 102 소공지하도상가","","3517","139"
"중구","숭례문수입상가","건물형       ","서울특별시 중구 소월로 3 숭례문수입상가","","45479","533"
"중구","시청광장 지하쇼핑센터","지하도상가     ","서울특별시 중구 을지로지하 12 시청광장 지하쇼핑센터","","2087","51"
"중구","신당 미래유산 먹거리 골목형상점가","골목형       ","서울특별시 중구 다산로 221 일대 신당 미래유산 먹거리 골목형상점가","","27603","146"
"중구","신당오길 골목형상점가","골목형       ","서울특별시 중구 퇴계로88길 21 일대 신당오길 골목형상점가","","6890.7","113"
"중구","신중부시장","골목형       ","서울특별시 중구 동호로33길 24 일대 신중부시장","","7523","207"
"중구","신중앙시장","골목형       ","서울특별시 중구 퇴계로85길 36 어울쉼터 3층","","9136.54","92"
"중구","신평화패션타운","건물형       ","서울특별시 중구 청계천로 298 신평화패션타운","","13494","1091"
"중구","아트프라자","건물형       ","서울특별시 중구 마장로1길 28 아트프라자","","6828.13","391"
"중구","약수시장 골목형상점가","골목형       ","서울특별시 중구 동호로7길 ~ 다산로10로길 일대 약수시장 골목형상점가","","43936.9","132"
"중구","을지로지하보도쇼핑센터","지하도상가     ","서울특별시 중구 을지로 88, 131, 218 을지로지하보도쇼핑센터","","20334","212"
"중구","을지입구지하상가","지하도상가     ","서울특별시 중구 을지로지하 58 을지입구지하상가","","1225","64"
"중구","인현시장","상점가       ","서울특별시 중구 퇴계로41길 45 일대 인현시장","","6702","79"
"중구","자유상가","건물형       ","서울특별시 중구 남대문로 36 자유상가","","8646","283"
"중구","장충남소영길 골목형상점가","골목형       ","서울특별시 중구 동호로24길 27-3 ~ 장충단로7길 32 일대 장충남소영길 골목형상점가","","16974.2","162"
"중구","제일평화시장","건물형       ","서울특별시 중구 마장로 13 제일평화시장","","9804","856"
"중구","중부시장","골목형       ","서울특별시 중구 을지로36길 35 일대 중부시장","","20707","375"
"중구","청계5가쇼핑센터","지하도상가     ","서울특별시 중구 동호로 390-3 청계5가쇼핑센터","","1933","44"
"중구","청계6가 지하도상가","지하도상가     ","서울특별시 중구 장충단로 지하 280 청계6가 지하도상가","","1535","49"
"중구","청계상가","건물형       ","서울특별시 중구 청계천로 160 청계상가","","5817.08","180"
"중구","청계천공구상가","상점가       ","서울특별시 중구 청계천로 124 일대 청계천공구상가","","9329.99","101"
"중구","청평화시장","건물형       ","서울특별시 중구 청계천로 334 청평화시장","","12917","1156"
"중구","충무로 골목형상점가","골목형       ","서울특별시 중구 충무로2길 27-1 일대 충무로 골목형상점가","","12704.82","87"
"중구","충정로56출구 골목형상점가","골목형       ","서울특별시 중구 서소문로12 일대 충정로56출구 골목형상점가","","5076.8","39"
"중구","테크노상가","건물형       ","서울특별시 중구 마장로1가길 17 테크노상가","","4405.13","301"
"중구","통일상가","건물형       ","서울특별시 중구 청계천로 260-14 통일상가","","15146","966"
"중구","평화시장","건물형       ","서울특별시 중구 청계천로 274 평화시장","","27704","2070"
"중구","필동 골목형상점가","골목형       ","서울특별시 중구 필동로 19 일대 필동 골목형상점가","","5062.83","24"
"중구","황학동주방가구거리 상점가","상점가       ","서울특별시 중구 마장로 64 ~ 난계로 189 일대 황학동주방가구거리 상점가","","27603","142"
"중구","황학시장","골목형       ","서울특별시 중구 퇴계로87길 일대 황학시장","","15225.38","114"
"중구","회현지하쇼핑센터","지하도상가     ","서울특별시 중구 소공로지하 58 회현지하쇼핑센터","","2498","221"
"용산구","만리시장","건물형       ","서울특별시 용산구 효창원로 270 만리시장","","7682","34"
"용산구","신흥시장","골목형       ","서울특별시 용산구 신흥로 95-9 신흥시장","","0","64"
"용산구","용산용문시장","골목형       ","서울특별시 용산구 효창원로 40길 13 용산용문시장","","9247","160"
"용산구","이촌종합시장","골목형       ","서울특별시 용산구 이촌로75길 16-9 이촌종합시장","","0","107"
"용산구","이태원시장","건물형       ","서울특별시 용산구 이태원로14길 6 이태원시장","","4484","90"
"용산구","한강쇼핑센터","상점가       ","서울특별시 용산구 이촌로 224 한강쇼핑센터","","5286","100"
"용산구","후암시장","골목형       ","서울특별시 용산구 한강대로104길 77 후암시장","","1140","48"
"성동구","금남시장","골목형       "," 서울특별시 성동구 금호산2길 32 2층","","3356.4","109"
"성동구","뚝도시장","골목형       "," 서울특별시 성동구 성수이로 32-15 뚝도시장","","5141","51"
"성동구","뚝섬역상점가","상점가       ","서울 성동구 아차산로 35 뚝섬역3번 출구 옆 허브플랫폼","","3576","65"
"성동구","마장축산물시장","골목형       "," 서울특별시성동구 마장로35길 68 4층","","26313","781"
"성동구","사근살곶이골목형상점가시장","골목형       ","서울 성동구 사근동길 55 사근동길 일대","","19656.88","71"
"성동구","성동용답상가시장","골목형       "," 서울특별시 성동구 용답중앙길 59 성동용답상가시장","","29118","162"
"성동구","성수역골목형상점가","상점가       ","서울 성동구 성수일로12길 26 서울숲 코리아IT센터 B101호","","7596.4","318"
"성동구","송정벚꽃골목형상점가","골목형       ","서울 성동구 광나루로11길 38 광나루로11길 일대 ","","20075.54","138"
"성동구","신금호역골목형상점가","상점가       "," 서울특별시 성동구 금호로149 지하1층","","4366.1","111"
"성동구","왕십리도선동상점가","상점가       "," 서울특별시 성동구 무학로2길 32 3~4층","","9860","155"
"성동구","왕십리무학봉상점가","상점가       "," 서울특별시 성동구 무학봉16길 6 102호","","4241","126"
"성동구","한양대앞상점가","상점가       "," 서울특별시 성동구 마조로1길 28 6층","","6568","81"
"성동구","행당시장상점가","상점가       "," 서울특별시 성동구 무학봉16길 20 행당시장상점가","","4180","107"
"광진구","건리단길골목형상점가","골목형       ","서울 광진구 능동로13길 54 1층","","9905","155"
"광진구","광성시장","건물형       "," 서울특별시 광진구 능동로47길 30 광성시장","","2136","20"
"광진구","노룬산골목시장","골목형       "," 서울특별시 광진구 뚝섬로25길 6 노룬산골목시장","","6719","31"
"광진구","노룬산시장","건물형       "," 서울특별시 광진구 뚝섬로 491 노룬산시장","","1620","19"
"광진구","면곡시장 골목형상점가","상점가       "," 서울특별시 광진구 답십리로 368 면곡골목시장","","1670","47"
"광진구","신성시장","건물형       ","서울 광진구 영화사로 10 지상 2층","","1605","21"
"광진구","신성전통시장","골목형       ","서울 광진구 영화사로 16 2층","","21489","120"
"광진구","영동교골목시장","골목형       ","서울 광진구 동일로10길 51 (자양동)","","12744","59"
"광진구","자양15번가 골목형상점가","골목형       ","서울 광진구 자양로15길 69 1층","","20088.53","88"
"광진구","자양전통시장","골목형       "," 서울특별시 광진구 자양로13길 59 자양전통시장","","16400","129"
"광진구","자양종합시장","건물형       "," 서울특별시 광진구 자양번영로6길 20 자양종합시장","","4724","102"
"광진구","자양한강전통시장","골목형       ","서울 광진구 뚝섬로30길 18 자양한강전통시장","","8470","87"
"광진구","조양시장","건물형       "," 서울특별시 광진구 아차산로30길 39 조양시장","","6525","37"
"광진구","중곡제일골목시장","골목형       "," 서울특별시 광진구 긴고랑로11길 14 중곡제일골목시장","","14684","131"
"광진구","중곡제일시장","건물형       "," 서울특별시 광진구 긴고랑로11길 11 중곡제일시장","","2760","10"
"광진구","한아름시장","건물형       "," 서울특별시 광진구 능동로13길 39 한아름시장","","12217","29"
"광진구","화양제일골목시장","골목형       ","서울 광진구 아차산로29길 55 화양제일골목시장","","11281","78"
"광진구","자마장시장골목형상점가","상점가       ","서울 광진구 자양로11길 66 자마장시장 골목형상점가","","16386","82"
"동대문구","경동광성상가","골목형       ","서울특별시 동대문구 고산자로 464","","7159","85"
"동대문구","경동시장","건물형       ","서울특별시 동대문구 고산자로36길 3  ","","22262","714"
"동대문구","답십리건축자재시장","골목형       ","서울특별시 동대문구 고미술로 49","","4612","111"
"동대문구","답십리시장","골목형       ","서울특별시 동대문구 답십리로51길 4-1 답십리시장상인회","","3146","78"
"동대문구","답십리현대시장","골목형       ","서울특별시 동대문구 전농로4길 38  ","","1439","75"
"동대문구","동부시장","건물형       ","서울특별시 동대문구 천호대로 281  ","","4046","32"
"동대문구","동서시장","건물형       ","서울특별시 동대문구 왕산로33길 13  ","","2986","34"
"동대문구","서울약령시장","골목형       ","서울특별시 동대문구 약령중앙로 20 서울약령시협회","","119630","1004"
"동대문구","신설동 들락거리 골목형상점가","골목형       ","서울 동대문구 하정로3길 10  ","","61657","73"
"동대문구","용두시장","건물형       ","서울특별시 동대문구 무학로37길 12  ","","2794","42"
"동대문구","이경시장","건물형       ","서울특별시 동대문구 휘경로 53  ","","3033","108"
"동대문구","이경재래시장","골목형       ","서울특별시 동대문구 외대역동로12길 13 이경재래시장","","0","70"
"동대문구","이문제일시장","건물형       ","서울특별시 동대문구 이문로 200  ","","3392","64"
"동대문구","장안 마실 골목형상점가","골목형       ","서울 동대문구 답십리로66길 64 답십리로66길 일대","","488848.94","186"
"동대문구","장한평역  먹자 골목형상점가","골목형       ","서울 동대문구 천호대로85길 27 천호대로85길 일대","","19483","78"
"동대문구","전곡시장","건물형       ","서울특별시 동대문구 한천로 190  ","","1682","15"
"동대문구","전농로터리시장","건물형       ","서울특별시 동대문구 전농로15길 7  ","","4279","84"
"동대문구","제기동 고대앞마을 골목형상점가","골목형       ","서울 동대문구 안암로22길 6  ","","30487","120"
"동대문구","청량리농수산물시장","골목형       ","서울특별시 동대문구 경동시장로 22  ","","3613","120"
"동대문구","청량리수산시장","골목형       ","서울특별시 동대문구 고산자로34길 48-1 ","","2774","111"
"동대문구","청량리전통시장","골목형       ","서울특별시 동대문구 경동시장로2길 49-3 ","","1066","63"
"동대문구","청량리종합시장","골목형       ","서울특별시 동대문구 홍릉로1길 68-3 청량리종합시장","","3086","138"
"동대문구","청량리청과물시장","골목형       ","서울특별시 동대문구 왕산로33길 6  ","","7473","94"
"동대문구","청량종합도매시장","골목형       ","서울특별시 동대문구 약령시로 92-2 청량종합도매시장","","1774","43"
"동대문구","회기시장","골목형       ","서울특별시 동대문구 회기로25길 11  ","","5921","64"
"동대문구","회기역골목형상점가","골목형       ","서울 동대문구 회기로28길 12-3  ","","14204","59"
"동대문구","경희담길 골목형상점가","골목형       ","서울 동대문구 경희대로1길 11","","7982.94","130"
"동대문구","전곡시장 골목형상점가","골목형       ","서울 동대문구 한천로38나길 29","","2104","57"
"중랑구","겸재한신길 골목형상점가","골목형       ","서울 중랑구 겸재로3길 9 겸재한신길 골목형상점가","","1023","34"
"중랑구","동성타워프라자","건물형       "," 서울특별시 중랑구 봉화산로 221 동성타워프라자","","1759.785","75"
"중랑구","동원시장","건물형       "," 서울특별시 중랑구 면목로74길 45 동원시장","","1766","14"
"중랑구","동원전통시장상점가","상점가       "," 서울특별시 중랑구 면목로78길 67 101호 동원전통시장상점가","","18159","87"
"중랑구","동원전통종합시장","골목형       "," 서울특별시 중랑구 상봉로11길 27-3 동원전통종합시장","","18159.53","123"
"중랑구","면목시장(골목형)","골목형       "," 서울특별시 중랑구 사가정로 50길 84 면목시장(골목형)","","13563","88"
"중랑구","면목시장(카멜리아쇼핑센타)","건물형       "," 서울특별시 중랑구 면목로39길 11 면목시장(카멜리아쇼핑센타)","","3977.9","34"
"중랑구","묵동도깨비시장 골목형상점가","골목형       ","서울 중랑구 공릉로 60 묵동도깨비시장 골목형상점가","","3510","96"
"중랑구","봉우시장 골목형상점가","골목형       ","서울 중랑구 봉우재로14길 19 봉우시장 골목형상점가","","2788","68"
"중랑구","사가정51길 골목형상점가","골목형       ","서울 중랑구 사가정로51길 38 사가정51길 골목형상점가","","4392","102"
"중랑구","사가정시장","골목형       "," 서울특별시 중랑구 면목로44길 16 사가정시장","","6603","137"
"중랑구","상봉먹자 골목형상점가","골목형       ","서울특별시 중랑구 봉우재로33길 일대 상봉먹자골목형상점가","","8905","137"
"중랑구","신내구길 골목형상점가","골목형       ","서울 중랑구 신내로14길 26 신내구길 골목형상점가","","6893","118"
"중랑구","신아타운","건물형       "," 서울특별시 중랑구 봉화산로 194 신아타운","","31128","255"
"중랑구","우림골목시장","골목형       "," 서울특별시 중랑구 망우로62길 52-4 우림골목시장","","22269","125"
"중랑구","유영시장","건물형       "," 서울특별시 중랑구 봉우재로70길 96 유영시장","","7153.67","3"
"중랑구","장미꽃빛거리 골목형상점가","골목형       ","서울 중랑구 동일로163길 7 장미꽃빛거리 골목형상점가","","1912","79"
"중랑구","장미제일시장","골목형       "," 서울특별시 중랑구 동일로143길 43 장미제일시장","","5966.12","56"
"중랑구","중랑교종합상가","건물형       "," 서울특별시 중랑구 망우로32길 23 중랑교종합상가","","3472","54"
"중랑구","중랑동부시장","골목형       "," 서울특별시 중랑구 동일로 109길 31-5 중랑동부시장","","0","121"
"중랑구","태능 골목형상점가","골목형       ","서울특별시 중랑구 중랑역로 일대 태능 골목형상점가","","4528","87"
"중랑구","태능엔터피아","건물형       "," 서울특별시 중랑구 동일로129길 35 태능엔터피아","","7776","42"
"성북구","길음시장","건물형       ","서울특별시 성북구 동소문로227 길음동","","11425.84","87"
"성북구","꿈의숲장곡골목형상점가","골목형       ","서울특별시 성북구 돌곶이로39길 꿈의숲장곡골목형상점가","","2849","66"
"성북구","돈암시장","골목형       ","서울 성북구 동소문로18길 18 돈암시장","","13867","105"
"성북구","돌곶이시장","골목형       ","서울특별시 성북구 한천로 73길 22 돌곶이시장","","7150","80"
"성북구","밤나무골시장","골목형       ","서울특별시 성북구 오패산로 79 밤나무골시장","","0","28"
"성북구","배밭골골목형상점가","골목형       ","서울특별시 성북구 정릉로10길 배밭골골목형상점가","","3061","64"
"성북구","석계음식문화거리","골목형       ","서울 성북구 한천로78길 71 석계음식문화거리 골목형상점가","","10543.5","161"
"성북구","성북천골목형상점가","골목형       ","서울특별시 성북구 동소문로2길 성북천골목형상점가","","5687.35","94"
"성북구","월곡달빛오거리골목형상점가","골목형       ","서울 성북구 장월로1길 113 월빛달빛오거리 골목형상점가 일대","","10408","168"
"성북구","장위전통시장","골목형       ","서울특별시 성북구장위로38길 46-1 장위전통시장","","4800","64"
"성북구","정릉서경대길골목형상점가","골목형       ","서울특별시 성북구 보국문로16길 정릉서경대길골목형상점가","","4952.7","75"
"성북구","정릉시장","골목형       ","서울특별시 성북구 보국문로11길 18-19 정릉시장고객편의센터","","9954","113"
"성북구","정릉아리랑시장","골목형       ","서울특별시 성북구 정릉로26가길 32 정릉아리랑시장","","4284","48"
"성북구","종암북바위길골목형상점가","골목형       ","서울특별시 성북구 종암로21길 종암북바위길골목형상점가","","8763","157"
"강북구","강북북부골목시장","골목형       ","강북구 한천로123길 27 일대 강북구 한천로123길 27 일대","","11332.39","87"
"강북구","강북북부시장","건물형       ","강북구 한천로123길 26 강북구 한천로123길 26","","2903","47"
"강북구","동북프라자","건물형       ","강북구 솔샘로 233 강북구 솔샘로 233","","7077","32"
"강북구","미소상인회 골목형상점가","골목형       ","서울 강북구 도봉로10라길 2 도봉로10길 일대","","11867.6","76"
"강북구","방천골목시장","골목형       ","강북구 월계로7나길 9 일대 강북구 월계로7나길 9 일대","","0","49"
"강북구","백년시장","골목형       ","강북구 한천로144길 26 일대 강북구 한천로144길 26 일대","","0","72"
"강북구","삼양시장 골목형상점가","골목형       ","강북구 솔매로 45 일대 강북구 솔매로 45 일대","","0","51"
"강북구","솔샘시장 골목형상점가","골목형       ","강북구 솔샘로50길 4 일대 강북구 솔샘로50길 4 일대","","6775","76"
"강북구","수유북부시장","건물형       ","강북구 삼양로91가길 19 강북구 삼양로91가길 19","","2769","29"
"강북구","수유시장","건물형       ","강북구 도봉로67길 18 강북구 도봉로67길 18","","7219","80"
"강북구","수유재래시장","골목형       ","강북구 도봉로71길 일대 강북구 도봉로71길 26 일대","","0","121"
"강북구","수유전통시장","골목형       ","강북구 도봉로67길 일대 강북구 도봉로69길 16 일대","","0","80"
"강북구","수유중앙골목시장골목형상점가","골목형       ","서울 강북구 노해로17길 48 서울 강북구 노해로17길 48 일대","","0","50"
"강북구","수유중앙시장","건물형       ","강북구 노해로17길 21 강북구 노해로17길 21","","4439","33"
"강북구","수유프라자","건물형       ","강북구 도봉로 261 강북구 도봉로 261","","10492","76"
"강북구","숭인시장","건물형       ","강북구 도봉로 45 강북구 도봉로 45 일대","","11203","104"
"강북구","어진이골목시장","골목형       ","서울 강북구 인수봉로56길 23 어진이골목시장","","0","74"
"강북구","오패산로 골목형상점가","골목형       ","서울 강북구 오패산로30길 25 일대","","10596","76"
"강북구","우이골목시장골목형상점가","골목형       ","서울 강북구 한천로162길 26 한천로162길 26 일대","","8362","83"
"강북구","우이시장","건물형       ","강북구 노해로23길 68 강북구 노해로23길 68 일대","","2122","13"
"강북구","장미원골목시장","골목형       ","강북구 삼양로123길 9,11,13 일대 강북구 삼양로123길 9 일대","","0","93"
"강북구","숭인사랑골목형상점가","골목형       ","서울 강북구 숭인로 3","","2581","30"
"강북구","인수로골목형상점가","골목형       ","서울 강북구 인수봉로77길 3","","11004","64"
"도봉구","도봉산옛길골목형상점가","상점가       ","서울 도봉구 도봉로181길 86 도봉산옛길 상점가","","10079","209"
"도봉구","방학동도깨비시장","골목형       ","서울특별시 도봉구 도당로85-7 방학동도깨비시장","","15243","85"
"도봉구","백운시장","골목형       ","서울특별시 도봉구 삼양로154길 40 백운시장","","10267","60"
"도봉구","신도봉시장","골목형       ","서울특별시 도봉구 도당로27길 60 신도봉시장","","15418","148"
"도봉구","쌍리단길상점가","상점가       ","서울특별시 도봉구 도봉로114길 22, 112길 19, 110나길 21, 110나길 27 쌍리단길상점가","","23435","117"
"도봉구","쌍문시장","골목형       ","서울특별시 도봉구 도봉로113길 23 쌍문시장","","10736","101"
"도봉구","쌍문역둘러상점가","상점가       ","서울특별시 도봉구 노해로 60길, 도봉로 109길 쌍문역둘러상점가","","18459","112"
"도봉구","오!도봉거리상점가","상점가       ","서울특별시 도봉구 도봉로156길 6 오!도봉거리상점가","","12856","52"
"도봉구","창동골목시장","골목형       ","서울특별시 도봉구 덕릉로54가길 17 창동골목시장","","7325","59"
"도봉구","창동신창시장","골목형       ","서울특별시 도봉구 덕릉로59마길 18-7 창동신창시장","","11219","77"
"도봉구","창동역상점가","상점가       ","서울특별시 도봉구 마들로11가길 12, 노해로69길 21, 마들로11길 71 창동역상점가","","39951","70"
"노원구","공릉동도깨비시장","골목형       "," 서울특별시 노원구 동일로180길 53 공릉동도깨비시장","","15669","108"
"노원구","공릉철길 골목형상점가","골목형       ","서울 노원구 동일로186길 77-21 노원구 동일로186길 일대 골목","","0","55"
"노원구","상계역전종합상가 상점가","상점가       ","서울특별시 노원구 한글비석로 396 상계역전종합상가 상점가","","14890","130"
"노원구","상계주공15단지 상가 상점가","상점가       ","서울특별시 노원구 동일로227길 26 상계주공15단지 상가 상점가","","7856.79","42"
"노원구","상계주공1단지 가상가 상점가","상점가       ","서울특별시 노원구 덕릉로 459-37 상계주공1단지 가상가","","3015","48"
"노원구","상계중앙시장","골목형       "," 서울특별시 노원구 상계로23나길 33 상계중앙시장","","21428","59"
"노원구","중계 씨앤미상가 상점가","상점가       ","서울 노원구 동일로204가길 34 씨앤미복합빌딩","","37726.13","110"
"노원구","중계동 시영2단지 무지개종합상가 상점가","상점가       ","서울특별시 노원구 동일로 1280 중계그린아파트A,B상가","","1800","70"
"노원구","중계동시영B상가상점가","상점가       ","서울특별시 노원구 동일로 1279 중계그린아파트A,B상가","","4121","77"
"은평구","대림골목시장","골목형       "," 서울시은평구 응암로4길 27-1 대림골목시장","","1700","72"
"은평구","대림시장","건물형       "," 서울시 은평구 응암로 4길 22 대림시장","","2401","61"
"은평구","대조시장","골목형       "," 서울시 은평구 불광로 8 대조시장","","5126","102"
"은평구","불광먹자골목형상점가","골목형       "," 서울시 은평구 통일로66길 4-1 불광먹자골목","","42428.08","69"
"은평구","불광천나들이거리골목형상점가","골목형       ","서울 은평구 응암로9길 3 응암로9길 일대","","19808.44","67"
"은평구","수일시장","건물형       ","서울 은평구 수색로16길 5-1 수일시장","","1074","1"
"은평구","신응암시장","골목형       "," 서울시 은평구 응암로 22길 3-1 신응암시장","","1700","49"
"은평구","양지시장","건물형       "," 은평구 응암로4길20,22,24,26,26-1,26-3 양지시장","","1244","1"
"은평구","연서시장","건물형       "," 서울시 은평구 불광동 850 2층 연서시장","","2785","89"
"은평구","연신내골목형상점가","상점가       "," 서울시 은평구 연서로29길 11-12 2층","","112413","601"
"은평구","응암시장","건물형       ","서울 은평구 응암로 252 응암시장","","614","22"
"은평구","응암오거리상점가","상점가       "," 서울시 은평구 응암로9길6-15 응암오거리상점가","","2600","121"
"은평구","제일시장","건물형       "," 서울시 은평구 통일로 731 제일시장","","1335.9","52"
"은평구","증산종합시장","건물형       "," 서울시 은평구 증산로3길 12 증산시장","","2171","100"
"은평구","포수말골목형상점가","골목형       ","서울 은평구 은평로10길 4 은평로 10길 일대","","12450.3","74"
"서대문구","경찰청골목형상점가","골목형       ","서울 서대문구 통일로 107-23 일대","","1807.17","43"
"서대문구","남이동길골목형상점가","골목형       ","서울 서대문구 모래내로 247 남가좌동 329-7~남가좌동 346-3 일원","","0","85"
"서대문구","백련시장","건물형       "," 서울특별시 서대문구 가재울로6길 53-87 백련시장","","6865","32"
"서대문구","연희사러가","건물형       "," 서울특별시 서대문구 연희맛로 23 사러가쇼핑센터","","3719","34"
"서대문구","영천시장","골목형       "," 서울특별시 서대문구 영천시장길 27 영천시장","","0","86"
"서대문구","유진상가","건물형       "," 서울특별시 서대문구 통일로 484 유진상가","","11283","62"
"서대문구","인왕시장","건물형       "," 서울특별시 서대문구 인왕시장길 18 인왕시장","","4321","149"
"서대문구","포방터시장","골목형       "," 서울특별시 서대문구 포방터길 46 포방터시장","","7310","66"
"서대문구","홍제골목형상점가","골목형       ","서울 서대문구 통일로40안길 5 홍제골목형상점가","","3862.56","48"
"마포구","공덕시장","건물형       ","서울특별시 마포구 만리재로 19 B동, 공덕시장","","1699","26"
"마포구","도화동상점가","상점가       ","서울특별시 마포구 도화길, 새창로2길 일대 도화동상점가","","5650","142"
"마포구","동진시장","건물형       ","서울특별시 마포구 성미산로 198 동진시장","","492","24"
"마포구","마포농수산물시장","건물형       ","서울특별시 마포구 월드컵로 235 마포농수산물시장","","17319.945","146"
"마포구","마포시장","건물형       ","서울특별시 마포구 만리재로 23(04214)서울특별시 마포구 마포대로6길 16 A동, 마포시장 C동, 마포시장","","1689","78"
"마포구","망원동월드컵시장","골목형       ","서울특별시 마포구 망원로7길 일대 망원동월드컵시장","","5473.39","50"
"마포구","망원시장","골목형       ","서울특별시 마포구 망원로8길 일대 망원시장","","11159.9","88"
"마포구","방울내길 골목형상점가","상점가       ","서울 마포구 방울내로 53 서울특별시 마포구 방울내로53~80","","3033.9","77"
"마포구","상암동상점가","상점가       ","서울특별시 마포구 월드컵북로44길 33 상암동상점가","","5558.36","175"
"마포구","서교시장","건물형       ","서울특별시 마포구 홍익로3길 20 서교시장","","12640","48"
"마포구","신수시장","건물형       ","서울특별시 마포구 토정로17길 17 신수시장","","1092","0"
"마포구","아현시장","골목형       ","서울특별시 마포구 마포대로21길 70 일대 아현시장","","18849.35","148"
"마포구","연남동골목형상점가","골목형       ","서울 마포구 동교로 268 1층","","10315.2","179"
"마포구","영진시장","건물형       ","서울특별시 마포구 동교로12길 21 영진시장","","3761","42"
"마포구","용강동상점가","상점가       ","서울특별시 마포구 토정로 315 일대 용강동상점가","","67311.38","108"
"마포구","합정시장","건물형       ","서울특별시 마포구 양화진길 5 합정시장","","5433","8"
"마포구","홍대걷고싶은거리상점가","상점가       ","서울특별시 마포구 어울마당로 109~155 일대 홍대걷고싶은거리상점가","","5135","192"
"마포구","홍대레드로드골목형상점가","골목형       ","서울 마포구 잔다리로 8-3 잔다리로 8-3 일대","","3845.3","91"
"마포구","홍대소상공인상점가","상점가       ","서울특별시 마포구 홍익로3길 37 홍대소상공인상점가","","4019","168"
"마포구","아현동손기정길골목형상점가","골목형       ","서울 마포구 손기정로1길 24","","1787.29","36"
"양천구","경창시장","골목형       ","서울시 양천구 오목로9길 31 경창시장","","2320","51"
"양천구","목2동시장","골목형       ","서울시 양천구 목동중앙북로16길 3 목2동시장","","3020","87"
"양천구","목3동 골목형상점가","상점가       ","서울 양천구 목동중앙북로 38 목3동 골목형상점가","","0","181"
"양천구","목동깨비시장","골목형       ","서울시 양천구 목동중앙북로6길 5 목동깨비시장","","5106","89"
"양천구","목동로데오골목형상점가","상점가       ","서울 양천구 목동로25길 19 일원","","6549","110"
"양천구","목사랑시장","골목형       ","서울시 양천구 목동중앙남로7길 8 목사랑시장","","1970","80"
"양천구","서서울골목형상점가","상점가       ","서울시 양천구 곰달래로13길 15 서서울골목형상점가","","7221","49"
"양천구","신곡시장 골목형상점가","상점가       ","서울 양천구 남부순환로79길 33-2 신곡시장 골목형상점가","","0","104"
"양천구","신곡종합시장","건물형       ","서울시 양천구 신월로16길 5 신곡종합시장","","1150","10"
"양천구","신영시장","골목형       ","서울시 양천구 월정로 161-5 신영시장","","4520","106"
"양천구","신월3동시장골목형상점가","상점가       ","서울시 양천구 남부순환로40가길 1-1 신월3동시장골목형상점가","","7228.08","140"
"양천구","신월7동골목시장","골목형       ","서울시 양천구 지양로10길 3 신월7동골목시장","","480","10"
"양천구","신정1동골목시장","골목형       ","서울시 양천구 중앙로34길 28 신정1동골목시장","","1560","38"
"양천구","신정제일시장","건물형       ","서울시 양천구 중앙로34길 30 신정제일시장","","2223","52"
"양천구","오목교중앙시장","골목형       ","서울시 양천구 신목로4길 45 오목교중앙시장","","1560","65"
"양천구","오목내길골목형상점가","골목형       ","서울 양천구 신목로6길 41 일원","","2795.93","63"
"양천구","우성상가","건물형       ","서울시 양천구 지양로 78 우성상가","","5035","22"
"양천구","월정로시장","골목형       ","서울시 양천구 월정로29길 3 월정로시장","","2230","77"
"강서구","강서구청먹자골목 골목형상점가","골목형       ","서울 강서구 화곡로 354-10 화곡동 1110-3 ~ 1121-2 일대","","48271.54","142"
"강서구","강서수산시장 골목형상점가","건물형       ","서울 강서구 발산로 24 수협공판장","","44863.26","90"
"강서구","강서행복한길골목형상점가","골목형       ","서울 강서구 화곡로31길 29 화곡동 1057-7~1061-10 일대","","4548.25","51"
"강서구","공항대로 골목형상점가","골목형       ","서울 강서구 공항대로61길 42 염창동 271~274-1, 등촌동 633-29, 647-64~647-86 일대","","9756.64","74"
"강서구","까치산시장","골목형       ","서울특별시 강서구 강서로12길 14 까치산시장","","26139","134"
"강서구","남부골목시장","골목형       ","서울특별시 강서구 등촌로 5길 62-4 남부골목시장","","21776","150"
"강서구","방신전통시장","골목형       ","서울특별시 강서구 방화동로 124-1 방신전통시장 고객지원센타","","6963","91"
"강서구","봉제산길 골목형상점가","골목형       ","서울 강서구 등촌로39길 6 등촌동 512-7 ~ 514-58, 524-2~524-32 일대","","7979.35","61"
"강서구","송화벽화시장","골목형       ","서울특별시 강서구 강서로45나길 송화벽화시장","","26319","67"
"강서구","화곡본동시장","골목형       ","서울특별시 강서구 화곡로 32길 18 일원 화곡본동시장","","5804.9","50"
"강서구","화곡중앙시장","골목형       ","서울특별시 강서구 월정로30길66 화곡중앙시장","","9436","58"
"강서구","가양역사거리 골목형상점가","골목형       ","서울 강서구 공항대로45길 15","","34989.49","69"
"강서구","공항골목시장 골목형상점가","골목형       ","서울 강서구 남부순환로11가길 74","","9820.92","56"
"강서구","공항동 먹자골목 골목형상점가","골목형       ","서울 강서구 송정로 32-1","","79370.82","89"
"강서구","송정역 카페거리 골목형상점가","골목형       ","서울 강서구 공항대로8길 14","","13505.22","63"
"구로구","가리봉시장","골목형       "," 서울특별시 구로구 우마길 15 가리봉시장","","8858","70"
"구로구","개봉입구골목상가 골목형상점가","골목형       ","서울 구로구 경인로35길 14 ~경인로35길 55 일대","","2711","35"
"구로구","개봉중앙 골목형상점가","골목형       ","서울 구로구 개봉로17길 7 ~37 일대 개봉중앙 골목형상점가","","3294","59"
"구로구","개봉중앙시장","건물형       "," 서울특별시 구로구 개봉로17길 34 개봉중앙시장","","1515","21"
"구로구","개봉프라자","건물형       "," 서울특별시 구로구 고척로40길 19 개봉프라자","","9974","99"
"구로구","고척골목시장상점가","상점가       "," 서울특별시 구로구 중앙로10길 21 일대 고척골목시장상점가","","8452","62"
"구로구","고척근린시장","골목형       "," 서울특별시 구로구 경인로33길 98-9 고척근린시장","","6013","70"
"구로구","고척프라자","건물형       "," 서울특별시 구로구 중앙로10길 7 고척프라자","","11965","16"
"구로구","구로시장","골목형       "," 서울특별시 구로구 구로동로22길 20-27 구로시장","","5091","158"
"구로구","그라운드고척 골목형상점가","골목형       ","서울 구로구 경인로47길 6 경인로47길 일대 및 중앙로6길, 중앙로8길 일부 그라운드고척 골목형상점가","","14030","211"
"구로구","남구로시장","골목형       "," 서울특별시 구로구 구로동로28길 16-7(구로동) 일원 남구로시장","","24544","182"
"구로구","오류버들시장 골목형상점가","골목형       ","서울 구로구 오류로8길 6 오류로8길 일대 및 오류로, 서해안로 일부 오류버들시장 골목형상점가","","25507","383"
"구로구","오류시장","건물형       "," 서울특별시 구로구 경인로19가길 14-1 오류시장","","3947","127"
"구로구","극동종합상가 골목형상점가","건물형       ","서울 구로구 구로중앙로7길 28","","1407.82","53"
"구로구","오류골먹자골목 골목형상점가","건물형       ","서울 구로구 경인로23길 8","","4785","72"
"금천구","대명여울빛거리시장","골목형       "," 서울특별시  시흥대로52길 70 대명여울빛거리시장","","22929","218"
"금천구","독산동 맛나는거리상점가","상점가       "," 서울특별시 시흥대로 398 ~ 독산로 247 독산동 맛나는거리상점가","","18021","153"
"금천구","독산동 우시장","상점가       "," 서울특별시 범안로 1209 독산동 우시장","","18600","137"
"금천구","법원단지길 상점가","골목형       ","서울 금천구 독산로 136 136, 138 , 독산로 36길-50길 일대","","16341.74","91"
"금천구","별빛남문시장","골목형       "," 서울특별시 금천구 시흥대로144길 17 별빛남문시장","","13079","102"
"금천구","비단길현대시장","골목형       "," 서울특별시 금천구 독산로41길 7 비단길현대시장","","23598","180"
"금천구","아름다운 별장거리","상점가       ","서울 금천구 금하로24길 24 (시흥동)","","20347.16","88"
"금천구","은행나무시장","골목형       "," 서울특별시 금하로25길 1~35 골목일대 은행나무시장","","2202","53"
"금천구","정훈한마음골목시장","골목형       ","서울특별시 금천구 독산로64길,65길 일대 정훈한마음골목시장","","6814","100"
"금천구","천리단길 상점가","골목형       ","서울 금천구 시흥대로63길 37 2층","","2891.7","45"
"영등포구","남서울상가","건물형       "," 서울특별시 영등포구 영중로14길 11 남서울상가","","8580","69"
"영등포구","대림중앙골목형상점가","상점가       "," 서울특별시 영등포구 디지털로37길 29 대림중앙골목형상점가","","9525","39"
"영등포구","대림중앙시장","골목형       "," 서울특별시 영등포구 디지털로37나길 21 대림중앙시장","","2974","91"
"영등포구","대신시장","건물형       "," 서울특별시 영등포구 도신로60길 7 대신시장","","12968","181"
"영등포구","도림시장","건물형       "," 서울특별시 영등포구 도영로 50 도림시장","","4156","6"
"영등포구","동남상가","건물형       "," 서울특별시 영등포구 영등포로37길 4 동남상가","","5722","71"
"영등포구","로타리상가","건물형       "," 서울특별시 영등포구 영등포로 219 로타리상가","","5504","91"
"영등포구","삼구시장","건물형       "," 서울특별시 영등포구 영등포로 219 삼구시장","","3758","55"
"영등포구","샛강두리골목형상점가","상점가       ","서울 영등포구 도신로64길 1 도신로64길, 영등포로72길","","3513","74"
"영등포구","선유도역골목형상점가","상점가       "," 서울특별시 영등포구 선유로47길 34 선유도역골목형상점가","","1201.8","37"
"영등포구","선유로운골목형상점가","골목형       ","서울 영등포구 양평로22길 13 양평로22길 일대, 선유로51길 일부","","3392","67"
"영등포구","신동시장","건물형       "," 서울특별시 영등포구 가마산로69가길 12 신동시장","","1877","11"
"영등포구","영등포로타리지하도상가","지하도상가     "," 서울특별시 영등포구 영중로 지하20 영등포로타리지하도상가","","6161","99"
"영등포구","영등포시장기계공구상가","골목형       "," 서울특별시 영등포구 영중로14길 48 영등포시장기계공구상가","","35477","369"
"영등포구","영등포시장지하도상가","지하도상가     "," 서울특별시 영등포구 영등포로 지하221 영등포시장지하도상가","","1599","68"
"영등포구","영등포역지하도상가","지하도상가     "," 서울특별시 영등포구 경인로 지하843 영등포역지하도상가","","4678","74"
"영등포구","영등포유통상가","건물형       "," 서울특별시 영등포구 영등포로 109 영등포유통상가","","75575","1470"
"영등포구","영등포전통시장","골목형       "," 서우륵별시 영등포구 영등포로45길 16-1 영등포전통시장","","5245","100"
"영등포구","영등포청과시장","골목형       "," 서울특별시 영등포구 영신로39길 14 영등포청과시장","","19800","151"
"영등포구","영신상가","건물형       "," 서울특별시 영등포구 영등포로 225 영신상가","","10323","96"
"영등포구","영일시장","골목형       "," 서울특별시 영등포구 문래로30길 27 영일시장","","1897","64"
"영등포구","우리시장","골목형       "," 서울특별시 영등포구 도림로64길 16-1 우리시장","","2991","89"
"영등포구","제일상가","건물형       "," 서울특별시 영등포구 영등포로 225 제일상가","","1063","51"
"동작구","강남시장","건물형       ","동작구 상도로 357 강남시장","","2471","21"
"동작구","남성사계시장(남성시장)","골목형       ","동작구 동작대로 129 일원 남성사계시장","","10984","137"
"동작구","남성역골목시장","골목형       ","동작구 사당로16가길 19  일원 남성역골목시장","","9021","71"
"동작구","노량진수산시장골목형상점가","건물형       ","서울 동작구 노들로 674 노량진 수산물 도매시장","","118346","706"
"동작구","만양로상점가","상점가       ","동작구 만양로 92 일원 만양로상점가","","0","30"
"동작구","보라매다올길골목형상점가","골목형       ","서울 동작구 여의대방로24가길 5 일대","","13216","81"
"동작구","본동인정시장","골목형       ","동작구 매봉로 177 본동인정시장","","12176","91"
"동작구","사당1동먹자골목상점가","골목형       ","동작대로3길 14 일원 사당1동먹자골목상점가","","3063","81"
"동작구","사당시장","건물형       ","동작구 사당로 244 사당시장","","3843","15"
"동작구","상도도깨비골목형상점가","상점가       ","동작구 상도로 22길 일대 상도도깨비 골목형상점가","","9510","100"
"동작구","상도약수골목형상점가","상점가       ","동작구 양녕로26길 10 일대 상도약수골목형상점가","","9867","102"
"동작구","상도전통시장","골목형       ","동작구 상도로37길 62 일원 상도전통시장","","16463","73"
"동작구","성대시장","건물형       ","동작구 상도로 102 성대건물시장","","6831","45"
"동작구","성대전통시장","골목형       ","국사봉1길 41 일원 성대전통시장","","20290","100"
"동작구","신노량진시장","건물형       ","동작구 장승배기로 123-6 신노량진시장","","3512","123"
"동작구","이수미로 골목형상점가","골목형       ","서울 동작구 동작대로27가길 5 동작대로 27가길 일대","","34288","183"
"동작구","노량진 만나로 골목형상점가","골목형       ","서울 동작구 만양로 92","","5818","54"
"동작구","숭실마루길 골목형상점가","골목형       ","서울 동작구 사당로 28","","19783","120"
"동작구","신대방1동 온누리길 골목형상점가","골목형       ","서울 동작구 신대방길 112-4","","7665","83"
"동작구","흑석시장 골목형상점가","골목형       ","서울 동작구 서달로12길 19","","6227","154"
"관악구","강남골목시장","상점가       ","서울 관악구 조원로6길 15 강남골목시장","","8071.96","59"
"관악구","관악신사시장","골목형       ","서울특별시 관악구 관천로19길 89 관악신사시장","","3778","100"
"관악구","관악종합시장","건물형       ","서울특별시 관악구 신원로 23 관악종합시장","","2928.92","57"
"관악구","관악중부시장","상점가       ","서울특별시 관악구 관악로 222 관악중부시장","","2391","48"
"관악구","난곡골목형상점가","상점가       ","서울특별시 관악구 난곡로24길 12 난곡골목형상점가","","6947","79"
"관악구","남현동 예술인마을 골목형상점가","상점가       ","서울 관악구 남현3길 78 외 64필지 ","","50878.18","212"
"관악구","녹두 골목형상점가","골목형       ","서울 관악구 신림로11길 20 녹두 골목형상점가","","14978","88"
"관악구","녹두S밸리 골목형상점가","골목형       ","서울 관악구 호암로22길 76 녹두S밸리 골목형상점가","","20122","81"
"관악구","미성동도깨비시장","상점가       ","서울특별시 관악구 미성3길 1 미성동도깨비시장","","9190.26","83"
"관악구","봉리단길 골목형상점가","상점가       ","서울시 관악구 장군봉1길 56 봉리단길 골목형상점가","","20432","223"
"관악구","봉일시장","건물형       ","서울특별시 관악구 은천로 28 봉일시장","","19098.52","35"
"관악구","봉천달빛길 골목형상점가","상점가       ","서울 관악구 남부순환로 1739-8 등 27필지","","7715","114"
"관악구","봉천제일종합시장","건물형       ","서울특별시 관악구 청룡2길 29 봉천제일종합시장","","3776.06","51"
"관악구","봉천중앙시장","건물형       ","서울특별시 관악구 관악로 211 봉천중앙시장","","3406","36"
"관악구","봉천현대시장","건물형       ","서울특별시 관악구 양녕로 49 봉천현대시장","","2069","56"
"관악구","삼성동시장","골목형       ","서울특별시 관악구 원신1길 28-1 신림동 삼성동시장","","4800","120"
"관악구","서림 행복가득한 골목형상점가","상점가       ","서울 관악구 신림로 208 인근","","6503","51"
"관악구","서원동상점가","상점가       ","서울특별시 관악구 신림로 329 서원동상점가","","17115","200"
"관악구","신림종합시장","건물형       ","서울특별시 관악구 남부순환로 157길 63 신림종합시장","","3778","25"
"관악구","신림중앙시장","건물형       ","서울특별시 관악구 조원로16길 27 신림중앙시장","","6167.28","292"
"관악구","신림현대종합상가","건물형       ","서울특별시 관악구 신림로 29길 3-20 신림현대종합상가","","5053","45"
"관악구","신신림시장","건물형       ","서울특별시 관악구 원신2길 34 신신림시장","","1824","11"
"관악구","신원시장","골목형       ","서울특별시 관악구 신원로3길 20-3 신원시장","","3678","119"
"관악구","우림시장","건물형       ","서울특별시 관악구 난곡로 26길 19 우림시장","","1726","17"
"관악구","원당종합시장","건물형       ","서울특별시 관악구 남부순환로248길 35 원당종합시장","","2058.84","7"
"관악구","인헌시장","골목형       ","서울 관악구 인헌6길 24 인헌시장","","9751","52"
"관악구","조원동펭귄시장","골목형       ","서울특별시 관악구 조원로16길 27 조원동펭귄시장","","9831","75"
"관악구","행운담길 골목형상점가","골목형       ","서울 관악구 남부순환로233길 16 행운담길 골목형상점가","","15357.7","97"
"관악구","신림별빛거리 골목형상점가","골목형       ","서울 관악구 봉천로6길 29","","52916","215"
"서초구","강남터미널지하도상점가(고투몰)","지하도상가     ","서울 서초구 신반포로 지하 200 강남터미널지하쇼핑몰","","31125","619"
"서초구","고속터미널역지하철역상점가(엔터식스 강남점)","지하도상가     ","서울 서초구 신반포로 지하 188 강남고속터미널역","","6524","31"
"서초구","남부종합시장","건물형       ","서울특별시 서초구 방배중앙로 27길 17 남부종합시장","","5975","123"
"서초구","말죽거리 골목형상점가","상점가       ","서울 서초구 남부순환로356길 49 코사마트","","14870","106"
"서초구","서초쇼핑 골목형상점가","건물형       ","서울 서초구 고무래로 90-7 서초쇼핑","","8610.38","89"
"서초구","양재시장","건물형       ","서울특별시 서초구 남부순환로 356길 15 양재종합시장","","2525","30"
"강남구","강남개포시장","상점가       ","서울특별시 강남구 개포로82길11 삼우빌딩 305호","","56608","137"
"강남구","강남시장","건물형       ","동작구 상도로 357 강남시장","","2471","21"
"강남구","강남언주로 상가","상점가       ","서울특별시 강남구 언주로98길 5-4 강남언주로상가","","2008","34"
"강남구","강남역지하도상점","지하도상가     ","서울특별시 강남구 강남대로 지하396 강남역지하도상점","","12099","212"
"강남구","논현종합시장","건물형       ","서울특별시 강남구 봉은사로33길 33 논현종합시장(관리처분계획인가처분)","","1215","40"
"강남구","도곡시장","상점가       ","서울 강남구 선릉로69길 19 역삼래미안아파트상가동 402호","","33361","86"
"강남구","신사시장","상점가       ","서울특별시 강남구 압구정로29길 72-1 신사시장","","2931.59","62"
"강남구","영동전통시장","골목형       ","서울특별시 강남구 강남대로 128길 20 영동전통시장","","13100","140"
"강남구","은마종합상점","상점가       ","서울특별시 강남구 삼성로 212 은마종합상점","","10092","549"
"강남구","청담삼익시장","건물형       ","서울특별시 강남구 학동로101길26 청담삼익시장","","2870","175"
"송파구","가락골골목형상점가","상점가       "," 서울특별시 송파구 송이로20길 12-16 가락골골목형상점가","","12607.5","191"
"송파구","가락몰 골목형상점가","골목형       ","서울 송파구 양재대로 932 가락몰 판매동","","112511","1221"
"송파구","마천시장관리주식회사","건물형       "," 서울특별시 송파구 마천로45길 23 마천시장","","3871","64"
"송파구","마천중앙시장","골목형       ","서울 송파구 마천로45길 16 (마천동, 2층)","","14757","136"
"송파구","문정동로데오거리상점가","상점가       "," 서울특별시 송파구 동남로4길 10 문정동로데오거리상점가","","45850","191"
"송파구","방이시장","골목형       "," 서울특별시 송파구 가락로 243 방이시장","","35625","134"
"송파구","새마을시장","골목형       "," 서울특별시 송파구 석촌호수로12길 3-9 새마을시장","","19961","116"
"송파구","석촌시장","골목형       "," 서울특별시 송파구 송파대로37길 52 석촌시장","","17833","67"
"송파구","풍납시장","골목형       "," 서울특별시 송파구 바람드리길 15-1 풍납시장","","23670","140"
"송파구","잠실역지하쇼핑센터","지하도상가     ","서울 송파구 올림픽로 지하 265 잠실역 2호선","","8445.73","139"
"강동구","고덕골목형상점가","상점가       ","서울특별시 강동구 고덕로 83길 18 고덕 골목형상점가","","6699","104"
"강동구","고분다리전통시장","골목형       ","서울시 강동구 구천면로34길 고분다리전통시장","","1468","72"
"강동구","길동복조리시장","골목형       ","서울시 강동구 천중로 52길 37 길동복조리시장","","13189","151"
"강동구","둔촌역전통시장","골목형       ","서울시 강동구 풍성로58길, 양재대로91길 일대 둔촌역전통시장","","4140","87"
"강동구","명일전통시장","골목형       ","서울특별시 강동구 양재대로138길, 상암로47길 일대 명일전통시장","","1862","58"
"강동구","성내전통시장","골목형       ","서울시 강동구 천호대로 162길 성내전통시장","","2700","76"
"강동구","암사종합시장","골목형       ","서울특별시 강동구 상암로11길, 고덕로10길 암사종합시장","","17394","110"
"강동구","장신구거리","건물형       ","서울시 강동구 성내로 83 장신구거리","","101111","170"
"강동구","천호로데오거리상점가","상점가       ","서울시 강동구 천호대로157길 40 천호동로데오거리상점가","","509181","150"