자치구명,업종,20254_전체점포수,20254_개업수,20254_폐업수,20254실제,20261실제,20261예측,오차
강남구,분식전문점,864,28,32,3.7,3.6,4.16,0.56
강남구,양식음식점,1369,36,45,3.3,3.4,4.12,0.72
강남구,일식음식점,969,9,32,3.3,3.5,3.87,0.37
강남구,제과점,597,17,14,2.3,4.5,3.57,-0.93
강남구,중식음식점,484,20,14,2.9,4.8,4.29,-0.51
강남구,치킨전문점,340,9,8,2.4,4.5,4.46,-0.04
강남구,커피-음료,2579,92,74,2.9,3.3,4.26,0.96
강남구,패스트푸드점,597,18,22,3.7,3.3,4.48,1.18
강남구,한식음식점,4964,183,152,3.1,3.4,3.65,0.25
강남구,호프-간이주점,1152,44,55,4.8,4.9,4.05,-0.85
강동구,분식전문점,508,15,19,3.7,5.9,4.55,-1.35
강동구,양식음식점,214,7,6,2.8,5.8,4.69,-1.11
강동구,일식음식점,231,10,11,4.8,3.1,4.63,1.53
강동구,제과점,332,12,12,3.6,2.4,4.04,1.64
강동구,중식음식점,179,7,9,5.0,4.4,4.68,0.28
강동구,치킨전문점,272,10,8,2.9,4.0,4.96,0.96
강동구,커피-음료,934,41,50,5.4,3.0,4.72,1.72
강동구,패스트푸드점,262,16,13,5.0,5.1,5.13,0.03
강동구,한식음식점,2270,73,90,4.0,3.6,4.02,0.42
강동구,호프-간이주점,571,11,18,3.2,3.8,4.36,0.56
강북구,분식전문점,297,10,15,5.1,2.6,4.93,2.33
강북구,양식음식점,107,5,4,3.7,8.9,5.16,-3.74
강북구,일식음식점,108,2,8,7.4,8.9,4.71,-4.19
강북구,제과점,138,0,3,2.2,2.9,4.13,1.23
강북구,중식음식점,131,9,9,6.9,2.3,5.24,2.94
강북구,치킨전문점,200,9,10,5.0,6.7,5.32,-1.38
강북구,커피-음료,548,12,34,6.2,3.9,4.86,0.96
강북구,패스트푸드점,130,4,4,3.1,1.5,5.29,3.79
강북구,한식음식점,1809,84,74,4.1,5.1,4.48,-0.62
강북구,호프-간이주점,530,9,24,4.5,3.3,4.64,1.34
강서구,분식전문점,617,19,30,4.9,4.3,4.88,0.58
강서구,양식음식점,279,18,11,3.9,3.5,5.28,1.78
강서구,일식음식점,307,5,18,5.9,6.5,4.66,-1.84
강서구,제과점,384,14,15,3.9,6.3,4.36,-1.94
강서구,중식음식점,296,12,16,5.4,4.0,4.99,0.99
강서구,치킨전문점,337,10,18,5.3,4.9,5.16,0.26
강서구,커피-음료,1265,42,48,3.8,3.7,4.98,1.28
강서구,패스트푸드점,343,16,18,5.2,4.7,5.33,0.63
강서구,한식음식점,3094,141,145,4.7,4.4,4.45,0.05
강서구,호프-간이주점,830,15,29,3.5,3.5,4.67,1.17
관악구,분식전문점,524,18,20,3.8,3.8,4.98,1.18
관악구,양식음식점,226,14,10,4.4,8.2,5.3,-2.9
관악구,일식음식점,229,4,10,4.4,2.2,4.8,2.6
관악구,제과점,249,15,10,4.0,4.5,4.66,0.16
관악구,중식음식점,260,10,12,4.6,5.7,5.05,-0.65
관악구,치킨전문점,283,14,16,5.7,7.3,5.38,-1.92
관악구,커피-음료,928,35,54,5.8,5.0,5.05,0.05
관악구,패스트푸드점,258,15,13,5.0,4.7,5.51,0.81
관악구,한식음식점,2417,130,112,4.6,5.1,4.58,-0.52
관악구,호프-간이주점,754,11,39,5.2,5.2,4.64,-0.56
광진구,분식전문점,431,17,21,4.9,4.3,4.52,0.22
광진구,양식음식점,258,10,5,1.9,3.5,4.69,1.19
광진구,일식음식점,238,3,9,3.8,3.4,4.28,0.88
광진구,제과점,221,7,8,3.6,2.2,3.94,1.74
광진구,중식음식점,284,11,13,4.6,4.3,4.57,0.27
광진구,치킨전문점,234,7,10,4.3,5.2,4.78,-0.42
광진구,커피-음료,978,27,48,4.9,2.3,4.5,2.2
광진구,패스트푸드점,233,5,8,3.4,4.8,4.73,-0.07
광진구,한식음식점,2108,91,88,4.2,3.0,4.02,1.02
광진구,호프-간이주점,703,13,28,4.0,2.7,4.22,1.52
구로구,분식전문점,456,13,19,4.2,3.3,4.48,1.18
구로구,양식음식점,123,7,11,8.9,1.6,4.69,3.09
구로구,일식음식점,164,1,7,4.3,2.5,4.26,1.76
구로구,제과점,209,11,6,2.9,2.9,4.15,1.25
구로구,중식음식점,401,13,16,4.0,3.2,4.55,1.35
구로구,치킨전문점,250,6,14,5.6,3.6,4.7,1.1
구로구,커피-음료,757,21,18,2.4,3.9,4.58,0.68
구로구,패스트푸드점,189,10,9,4.8,3.1,5.02,1.92
구로구,한식음식점,2113,58,79,3.7,3.1,3.93,0.83
구로구,호프-간이주점,670,17,19,2.8,3.5,4.35,0.85
금천구,분식전문점,321,13,18,5.6,4.1,4.48,0.38
금천구,양식음식점,96,2,4,4.2,12.6,4.46,-8.14
금천구,일식음식점,118,2,6,5.1,8.1,4.28,-3.82
금천구,제과점,137,4,3,2.2,2.9,3.94,1.04
금천구,중식음식점,259,10,11,4.2,2.3,4.54,2.24
금천구,치킨전문점,173,8,13,7.5,3.0,4.81,1.81
금천구,커피-음료,672,17,23,3.4,4.5,4.46,-0.04
금천구,패스트푸드점,142,5,5,3.5,5.8,4.84,-0.96
금천구,한식음식점,1709,61,53,3.1,3.4,3.95,0.55
금천구,호프-간이주점,429,17,17,4.0,4.5,4.41,-0.09
노원구,분식전문점,464,12,23,5.0,2.8,4.08,1.28
노원구,양식음식점,187,7,5,2.7,5.0,4.33,-0.67
노원구,일식음식점,192,4,8,4.2,3.7,4.02,0.32
노원구,제과점,266,12,11,4.1,3.7,3.68,-0.02
노원구,중식음식점,180,4,5,2.8,3.4,4.17,0.77
노원구,치킨전문점,283,11,10,3.5,4.3,4.56,0.26
노원구,커피-음료,799,19,25,3.1,2.0,4.18,2.18
노원구,패스트푸드점,222,4,6,2.7,1.8,4.39,2.59
노원구,한식음식점,1882,44,52,2.8,3.2,3.57,0.37
노원구,호프-간이주점,425,12,16,3.8,3.1,4.03,0.93
도봉구,분식전문점,285,15,13,4.6,5.1,4.34,-0.76
도봉구,양식음식점,81,1,3,3.7,3.8,4.12,0.32
도봉구,일식음식점,91,0,7,7.7,3.4,3.8,0.4
도봉구,제과점,169,2,2,1.2,2.9,3.48,0.58
도봉구,중식음식점,90,2,5,5.6,2.2,4.14,1.94
도봉구,치킨전문점,187,6,10,5.3,1.1,4.45,3.35
도봉구,커피-음료,444,15,16,3.6,5.6,4.28,-1.32
도봉구,패스트푸드점,121,3,7,5.8,2.5,4.4,1.9
도봉구,한식음식점,1287,44,46,3.6,4.0,3.65,-0.35
도봉구,호프-간이주점,350,8,11,3.1,1.7,3.99,2.29
동대문구,분식전문점,451,14,19,4.2,3.3,4.33,1.03
동대문구,양식음식점,198,6,10,5.1,2.5,4.39,1.89
동대문구,일식음식점,158,1,3,1.9,5.9,4.15,-1.75
동대문구,제과점,220,8,12,5.5,4.7,3.77,-0.93
동대문구,중식음식점,227,8,8,3.5,4.9,4.43,-0.47
동대문구,치킨전문점,229,4,3,1.3,3.9,4.61,0.71
동대문구,커피-음료,847,19,32,3.8,4.2,4.34,0.14
동대문구,패스트푸드점,204,5,5,2.5,6.1,4.67,-1.43
동대문구,한식음식점,2307,91,86,3.7,3.4,3.86,0.46
동대문구,호프-간이주점,499,12,14,2.8,4.1,4.2,0.1
동작구,분식전문점,380,13,20,5.3,3.5,3.99,0.49
동작구,양식음식점,170,7,10,5.9,3.0,4.11,1.11
동작구,일식음식점,166,1,6,3.6,3.1,3.74,0.64
동작구,제과점,201,6,7,3.5,1.5,3.42,1.92
동작구,중식음식점,171,5,7,4.1,2.3,4.02,1.72
동작구,치킨전문점,205,6,12,5.9,3.9,4.24,0.34
동작구,커피-음료,735,23,29,3.9,5.4,4.06,-1.34
동작구,패스트푸드점,230,4,6,2.6,6.3,4.21,-2.09
동작구,한식음식점,1623,57,57,3.5,3.9,3.48,-0.42
동작구,호프-간이주점,464,12,19,4.1,4.2,3.82,-0.38
마포구,분식전문점,652,21,23,3.5,5.5,4.5,-1.0
마포구,양식음식점,832,37,37,4.4,3.2,4.6,1.4
마포구,일식음식점,662,11,23,3.5,3.9,4.28,0.38
마포구,제과점,567,15,24,4.2,2.1,3.85,1.75
마포구,중식음식점,356,13,21,5.9,4.7,4.52,-0.18
마포구,치킨전문점,269,9,11,4.1,4.5,4.83,0.33
마포구,커피-음료,2361,63,73,3.1,5.4,4.52,-0.88
마포구,패스트푸드점,390,15,25,6.4,6.0,4.84,-1.16
마포구,한식음식점,3232,122,125,3.9,4.1,3.98,-0.12
마포구,호프-간이주점,1183,25,68,5.7,3.3,4.19,0.89
서대문구,분식전문점,401,16,17,4.2,3.8,4.19,0.39
서대문구,양식음식점,239,7,11,4.6,4.6,4.13,-0.47
서대문구,일식음식점,212,4,5,2.4,4.4,4.0,-0.4
서대문구,제과점,231,5,9,3.9,1.7,3.45,1.75
서대문구,중식음식점,194,9,11,5.7,2.0,4.24,2.24
서대문구,치킨전문점,182,4,8,4.4,3.6,4.33,0.73
서대문구,커피-음료,876,31,38,4.3,2.8,4.19,1.39
서대문구,패스트푸드점,212,4,11,5.2,1.4,4.29,2.89
서대문구,한식음식점,1608,51,65,4.0,2.4,3.56,1.16
서대문구,호프-간이주점,533,8,23,4.3,4.4,3.82,-0.58
서초구,분식전문점,580,18,17,2.9,4.2,3.51,-0.69
서초구,양식음식점,541,10,19,3.5,1.8,3.43,1.63
서초구,일식음식점,387,4,6,1.6,2.1,3.3,1.2
서초구,제과점,421,16,18,4.3,6.1,2.95,-3.15
서초구,중식음식점,276,6,9,3.3,2.5,3.47,0.97
서초구,치킨전문점,204,8,12,5.9,1.0,3.85,2.85
서초구,커피-음료,1567,42,41,2.6,3.1,3.55,0.45
서초구,패스트푸드점,340,10,12,3.5,4.5,3.82,-0.68
서초구,한식음식점,2803,96,82,2.9,2.8,2.99,0.19
서초구,호프-간이주점,589,14,19,3.2,4.0,3.32,-0.68
성동구,분식전문점,379,14,8,2.1,5.1,4.12,-0.98
성동구,양식음식점,390,7,15,3.8,4.4,3.94,-0.46
성동구,일식음식점,233,1,9,3.9,4.0,3.73,-0.27
성동구,제과점,283,10,12,4.2,6.1,3.46,-2.64
성동구,중식음식점,161,7,6,3.7,4.5,4.17,-0.33
성동구,치킨전문점,186,5,5,2.7,2.7,4.33,1.63
성동구,커피-음료,1015,32,49,4.8,2.8,4.06,1.26
성동구,패스트푸드점,226,12,10,4.4,6.3,4.55,-1.75
성동구,한식음식점,1887,61,58,3.1,3.0,3.49,0.49
성동구,호프-간이주점,422,12,20,4.7,3.6,3.85,0.25
성북구,분식전문점,462,17,14,3.0,3.5,4.31,0.81
성북구,양식음식점,220,5,6,2.7,7.0,4.28,-2.72
성북구,일식음식점,157,3,9,5.7,3.2,4.06,0.86
성북구,제과점,242,7,8,3.3,3.3,3.64,0.34
성북구,중식음식점,178,5,6,3.4,3.4,4.27,0.87
성북구,치킨전문점,250,7,6,2.4,2.8,4.55,1.75
성북구,커피-음료,937,27,40,4.3,3.4,4.27,0.87
성북구,패스트푸드점,214,6,13,6.1,4.3,4.47,0.17
성북구,한식음식점,1894,69,68,3.6,3.2,3.73,0.53
성북구,호프-간이주점,527,9,20,3.8,3.0,3.98,0.98
송파구,분식전문점,759,17,41,5.4,4.0,4.33,0.33
송파구,양식음식점,523,10,17,3.3,4.7,4.42,-0.28
송파구,일식음식점,479,4,23,4.8,2.5,4.17,1.67
송파구,제과점,462,16,12,2.6,4.2,3.95,-0.25
송파구,중식음식점,320,13,12,3.8,2.8,4.6,1.8
송파구,치킨전문점,348,12,21,6.0,3.1,4.75,1.65
송파구,커피-음료,1625,48,68,4.2,4.5,4.5,0.0
송파구,패스트푸드점,432,12,27,6.3,3.7,4.69,0.99
송파구,한식음식점,3500,126,171,4.9,3.8,3.92,0.12
송파구,호프-간이주점,828,24,25,3.0,3.7,4.34,0.64
양천구,분식전문점,360,10,12,3.3,3.4,4.65,1.25
양천구,양식음식점,153,2,11,7.2,2.6,4.5,1.9
양천구,일식음식점,152,3,3,2.0,5.5,4.59,-0.91
양천구,제과점,251,8,8,3.2,2.4,4.12,1.72
양천구,중식음식점,170,4,4,2.4,3.0,4.71,1.71
양천구,치킨전문점,225,6,10,4.4,3.1,4.93,1.83
양천구,커피-음료,679,22,35,5.2,3.4,4.71,1.31
양천구,패스트푸드점,191,12,9,4.7,5.8,5.24,-0.56
양천구,한식음식점,1658,54,57,3.4,4.9,4.15,-0.75
양천구,호프-간이주점,431,6,19,4.4,3.3,4.39,1.09
영등포구,분식전문점,529,12,12,2.3,4.0,3.91,-0.09
영등포구,양식음식점,345,17,12,3.5,3.5,4.17,0.67
영등포구,일식음식점,390,2,11,2.8,0.8,3.68,2.88
영등포구,제과점,324,15,12,3.7,3.8,3.49,-0.31
영등포구,중식음식점,656,13,20,3.0,4.3,3.87,-0.43
영등포구,치킨전문점,254,10,19,7.5,4.3,4.23,-0.07
영등포구,커피-음료,1413,36,45,3.2,2.7,3.94,1.24
영등포구,패스트푸드점,302,6,17,5.6,3.7,4.13,0.43
영등포구,한식음식점,3358,114,107,3.2,3.3,3.41,0.11
영등포구,호프-간이주점,850,19,31,3.6,2.7,3.73,1.03
용산구,분식전문점,351,10,15,4.3,3.1,3.34,0.24
용산구,양식음식점,853,27,17,2.0,2.8,3.43,0.63
용산구,일식음식점,263,5,16,6.1,4.0,3.15,-0.85
용산구,제과점,299,12,10,3.3,6.1,2.88,-3.22
용산구,중식음식점,157,4,6,3.8,1.9,3.39,1.49
용산구,치킨전문점,131,0,2,1.5,3.0,3.51,0.51
용산구,커피-음료,1117,28,18,1.6,4.2,3.45,-0.75
용산구,패스트푸드점,234,8,5,2.1,1.7,3.82,2.12
용산구,한식음식점,1731,68,59,3.4,3.1,2.91,-0.19
용산구,호프-간이주점,645,11,23,3.6,3.0,3.12,0.12
은평구,분식전문점,440,14,11,2.5,3.9,4.68,0.78
은평구,양식음식점,163,4,8,4.9,7.6,4.63,-2.97
은평구,일식음식점,153,5,14,9.2,3.3,4.48,1.18
은평구,제과점,272,5,12,4.4,2.2,3.92,1.72
은평구,중식음식점,156,4,12,7.7,1.9,4.55,2.65
은평구,치킨전문점,261,6,8,3.1,5.4,4.89,-0.51
은평구,커피-음료,763,26,26,3.4,3.8,4.75,0.95
은평구,패스트푸드점,213,5,5,2.3,2.8,4.93,2.13
은평구,한식음식점,2022,59,80,4.0,3.8,4.05,0.25
은평구,호프-간이주점,519,15,26,5.0,6.0,4.46,-1.54
종로구,분식전문점,465,18,15,3.2,3.5,3.34,-0.16
종로구,양식음식점,533,23,13,2.4,3.8,3.42,-0.38
종로구,일식음식점,294,7,6,2.0,4.6,3.16,-1.44
종로구,제과점,303,11,6,2.0,5.7,2.76,-2.94
종로구,중식음식점,220,11,3,1.4,2.3,3.52,1.22
종로구,치킨전문점,138,0,8,5.8,2.2,3.28,1.08
종로구,커피-음료,1562,35,44,2.8,3.1,3.23,0.13
종로구,패스트푸드점,235,2,3,1.3,4.7,3.49,-1.21
종로구,한식음식점,2746,91,92,3.4,3.0,2.7,-0.3
종로구,호프-간이주점,769,17,31,4.0,3.4,3.01,-0.39
중구,분식전문점,529,12,25,4.7,3.2,3.16,-0.04
중구,양식음식점,465,15,10,2.2,3.0,3.34,0.34
중구,일식음식점,317,3,10,3.2,3.2,3.01,-0.19
중구,제과점,271,4,9,3.3,3.7,2.53,-1.17
중구,중식음식점,274,2,6,2.2,4.5,3.11,-1.39
중구,치킨전문점,142,4,4,2.8,2.9,3.6,0.7
중구,커피-음료,1377,50,56,4.1,4.1,3.32,-0.78
중구,패스트푸드점,210,3,12,5.7,1.4,3.4,2.0
중구,한식음식점,2787,101,80,2.9,2.7,2.74,0.04
중구,호프-간이주점,590,9,20,3.4,4.5,2.99,-1.51
중랑구,분식전문점,403,12,7,1.7,3.2,4.8,1.6
중랑구,양식음식점,119,7,4,3.4,6.0,5.12,-0.88
중랑구,일식음식점,122,2,5,4.1,5.0,4.62,-0.38
중랑구,제과점,185,6,3,1.6,3.8,4.27,0.47
중랑구,중식음식점,119,3,4,3.4,7.6,4.79,-2.81
중랑구,치킨전문점,220,8,7,3.2,1.8,5.11,3.31
중랑구,커피-음료,665,26,33,5.0,4.9,4.86,-0.04
중랑구,패스트푸드점,155,6,9,5.8,4.5,5.1,0.6
중랑구,한식음식점,2113,67,82,3.9,4.1,4.2,0.1
중랑구,호프-간이주점,617,19,20,3.2,5.7,4.63,-1.07
