"product_id","product_name","last_category","actual_price","rating","rating_count"
"B09FFK1PQG","Duracell 38W Fast Car Charger Adapter with Dual Output. Quick Charge, Type C PD 20W & Qualcomm Certified 3.0 Compatible for iPhone, All Smartphones, Tablets & More (Copper & Black)","AutomobileChargers","1699.00","4.0","1680"
"B0B1NX6JTN","Spigen Ultra Hybrid Back Cover Case Compatible with iPhone 14 Pro max (TPU + Poly Carbonate | Crystal Clear)","BasicCases","2599.00","4.0","1801"
"B09MY4W73Q","Amozo Ultra Hybrid Camera and Drop Protection Back Cover Case for iPhone 13 (Polycarbonate| Back Transparent - Sides Black)","BasicCases","1799.00","4.0","1454"
"B09J2MM5C6","Amozo Ultra Hybrid Camera and Drop Protection Back Cover Case for iPhone 13 (TPU + Polycarbonate | Crystal Transparent)","BasicCases","1499.00","4.0","2646"
"B085HY1DGR","Sounce Spiral Charger Cable Protector Data Cable Saver Charging Cord Protective Cable Cover Headphone MacBook Laptop Earphone Cell Phone Set of 3 (Cable Protector (12 Units))","CableConnectionProtectors","999.00","4.0","1396"
"B08BQ947H3","LIRAMARK Webcam Cover Slide, Ultra Thin Laptop Camera Cover Slide Blocker for Computer MacBook Pro iMac PC Tablet (Pack of 3)","CameraPrivacyCovers","149.00","4.0","10833"
"B07YNHCW6N","Robustrion Smart Trifold Hard Back Flip Stand Case Cover for Apple iPad 10.2 Cover iPad 9th Generation Cover 2021 8th Gen 2020 7th Gen 2019 Generation Case - Black","Cases","2499.00","4.0","5556"
"B07Z53L5QL","ProElite Faux Leather Smart Flip Case Cover for Apple iPad 10.2"" 9th Gen (2021) / 8th Gen / 7th Gen with Stylus Pen, Black","Cases","1499.00","4.0","11006"
"B08MTCKDYN","Gizga Essentials Spiral Cable Protector Cord Saver for Mac Charger, iPhone Charger, Wire Protector, Lightweight Durable Flexible Wire Winder for Charging Cables, Data Cables, Earphones, Pack of 10","Décor","299.00","4.0","5999"
"B00MUTWLW4","Logitech K480 Wireless Multi-Device Keyboard for Windows, macOS, iPadOS, Android or Chrome OS, Bluetooth, Compact, Compatible with PC, Mac, Laptop, Smartphone, Tablet - Black","Keyboards","3295.00","4.0","22618"
"B0148NPH9I","Logitech K380 Wireless Multi-Device Keyboard for Windows, Apple iOS, Apple TV Android or Chrome, Bluetooth, Compact Space-Saving Design, PC/Mac/Laptop/Smartphone/Tablet (Dark Grey)","Keyboards","3195.00","4.0","16146"
"B09B9SPC7F","PC SQUARE Laptop Tabletop Stand/ Computer Tablet Stand 6 Angles Adjustable Aluminum Ergonomic Foldable Portable Desktop Holder Compatible with MacBook, HP, Dell, Lenovo & All Other Notebook (Silver)","Lapdesks","1299.00","4.0","2740"
"B07Z1YVP72","AirCase Protective Laptop Bag Sleeve fits Upto 15.6"" Laptop/ MacBook, Wrinkle Free, Padded, Waterproof Light Neoprene case Cover Pouch, for Men & Women, Black- 6 Months Warranty","LaptopSleeves&Slipcases","999.00","4.0","11330"
"B07Z1X6VFC","AirCase Protective Laptop Bag Sleeve fits Upto 13.3"" Laptop/ MacBook, Wrinkle Free, Padded, Waterproof Light Neoprene case Cover Pouch, for Men & Women, Black- 6 Months Warranty","LaptopSleeves&Slipcases","999.00","4.0","9940"
"B08TR61BVK","Tabelito® Polyester Foam, Nylon Hybrid laptopss Bag Sleeve Case Cover Pouch for laptopss Apple/Dell/Lenovo/ Asus/ Hp/Samsung/Mi/MacBook/Ultrabook/Thinkpad/Ideapad/Surfacepro (15.6 inches /39.6cm, Blue) laptopsss","LaptopSleeves&Slipcases","1499.00","4.0","2868"
"B07Z1Z77ZZ","AirCase Protective Laptop Bag Sleeve fits Upto 14.1"" Laptop/ MacBook, Wrinkle Free, Padded, Waterproof Light Neoprene case Cover Pouch, for Men & Women, Black- 6 Months Warranty","LaptopSleeves&Slipcases","999.00","4.0","9701"
"B08Y7MXFMK","Offbeat® - DASH 2.4GHz Wireless + Bluetooth 5.1 Mouse, Multi-Device Dual Mode Slim Rechargeable Silent Click Buttons Wireless Bluetooth Mouse, 3 Adjustable DPI, Works on 2 devices at the same time with a switch button for Windows/Mac/Android/Ipad/Smart TV","Mice","1499.00","4.0","2375"
"B08QJJCY2Q","Tizum Mouse Pad/ Computer Mouse Mat with Anti-Slip Rubber Base | Smooth Mouse Control | Spill-Resistant Surface for Laptop, Notebook, MacBook, Gaming, Laser/ Optical Mouse, 9.4”x 7.9”, Multicolored","MousePads","299.00","4.0","5176"
"B08LHTJTBB","Dyazo 6 Angles Adjustable Aluminum Ergonomic Foldable Portable Tabletop Laptop/Desktop Riser Stand Holder Compatible for MacBook, HP, Dell, Lenovo & All Other Notebook (Silver)","NotebookComputerStands","1999.00","4.0","4736"
"B07XCM6T4N","STRIFF Adjustable Laptop Tabletop Stand Patented Riser Ventilated Portable Foldable Compatible with MacBook Notebook Tablet Tray Desk Table Book with Free Phone Stand (Black)","NotebookComputerStands","1499.00","4.0","24791"
"B098QXR9X2","Ambrane 27000mAh Power Bank, 20W Fast Charging, Triple Output, Type C PD (Input & Output), Quick Charge, Li-Polymer, Multi-Layer Protection for iPhone, Smartphones & Other Devices (Stylo Pro, Black)","PowerBanks","2999.00","4.0","3156"
"B0993BB11X","Ambrane 10000mAh Slim Power Bank, 20W Fast Charging, Dual Output, Type C PD (Input & Output), Quick Charge, Li-Polymer, Multi-Layer Protection for iPhone, Anrdoid & Other Devices (Stylo 10K, Black)","PowerBanks","1599.00","4.0","7222"
"B09MZCQYHZ","Ambrane 10000mAh Slim Power Bank, 20W Fast Charging, Dual Output, Type C PD (Input & Output), Quick Charge, Li-Polymer, Multi-Layer Protection for iPhone, Anrdoid & Other Devices (Stylo 10K, Green)","PowerBanks","1599.00","4.0","7222"
"B00A328ENA","Panasonic SR-WA22H (E) Automatic Rice Cooker, Apple Green, 2.2 Liters","Rice&PastaCookers","3945.00","4.0","3740"
"B07Z3K96FR","Robustrion Tempered Glass Screen Protector for iPad 10.2 inch 9th Gen Generation 2021 8th Gen 2020 7th Gen 2019","ScreenProtectors","1499.00","4.0","5730"
"B08M66K48D","POPIO Tempered Glass Screen Protector Compatible for iPhone 12 / iPhone 12 Pro with Case Friendly Edge to Edge Coverage and Easy Installation kit, Pack of 1","ScreenProtectors","599.00","4.0","4674"
"B095RTJH1M","Spigen EZ Fit Tempered Glass Screen Protector Guard for iPhone 14/13/13 Pro - 2 Pack","ScreenProtectors","2899.00","4.0","26603"
"B09GP6FBZT","OpenTech® Military-Grade Tempered Glass Screen Protector Compatible for iPhone 13/13 Pro / 14 with Edge to Edge Coverage and Easy Installation kit (6.1 Inches)","ScreenProtectors","999.00","4.0","8891"
"B07TMCXRFV","ESR Screen Protector Compatible with iPad Pro 11 Inch (2022/2021/2020/2018) and iPad Air 5/4 (2022/2020, 10.9 Inch), Tempered-Glass Film with Alignment Frame, Scratch Resistant, HD Clarity, 2 Pack","ScreenProtectors","1599.00","4.0","16680"
"B0B23LW7NV","Spigen EZ Fit Tempered Glass Screen Protector for iPhone 14 Pro Max - 2 Pack (Sensor Protection)","ScreenProtectors","2899.00","4.0","7779"
"B0B244R4KB","Spigen EZ Fit Tempered Glass Screen Protector for iPhone 14 Pro - 2 Pack (Sensor Protection)","ScreenProtectors","2899.00","4.0","6129"
"B0B5YBGCKD","POPIO Tempered Glass Compatible for iPhone 13 / iPhone 13 Pro/iPhone 14 (Transparent) Edge to Edge Full Screen Coverage with Installation Kit, Pack of 2","ScreenProtectors","599.00","4.0","714"
"B094YFFSMY","Tygot Bluetooth Extendable Selfie Sticks with Wireless Remote and Tripod Stand, 3-in-1 Multifunctional Selfie Stick with Tripod Stand Compatible with iPhone/OnePlus/Samsung/Oppo/Vivo and All Phones","SelfieSticks","1999.00","4.0","3382"
"B07QCWY5XV","Mobilife Bluetooth Extendable Selfie Stick with Tripod Stand and Wireless Remote,3-in-1 Multifunctional Selfie Stick Tripod for iPhone Samsung Mi Realme Oppo Vivo Google More,Black","SelfieSticks","1399.00","4.0","14560"
"B07H1S7XW8","STRIFF Wall Mount Phone Holder Wall Mount with Adhesive Strips, Charging Holder Compatible with iPhone, Smartphone and Mini Tablet (Pack of 1) (White)","Shower&WallMounts","499.00","4.0","9340"
"B017PDR9N0","GIZGA Essentials Portable Tabletop Tablet Stand Mobile Holder, Desktop Stand, Cradle, Dock for iPad, Smartphone, Kindle, E-Reader, Fully Foldable, Adjustable Angle, Anti-Slip Pads, Black","Stands","499.00","4.0","25607"
"B09VZBGL1N","STRIFF Multi Angle Tablet/Mobile Stand. Holder for iPhone, Android, Samsung, OnePlus, Xiaomi. Portable,Foldable Stand.Perfect for Bed,Office, Home,Gift and Desktop (Black)","Stands","499.00","4.0","2451"
"B07GXHC691","STRIFF PS2_01 Multi Angle Mobile/Tablet Tabletop Stand. Phone Holder for iPhone, Android, Samsung, OnePlus, Xiaomi. Portable, Foldable Cell Phone Stand. Perfect for Bed, Office, Home & Desktop (Black)","Stands","499.00","4.0","42641"
"B088ZFJY82","Elv Aluminium Adjustable Mobile Phone Foldable Holder Tabletop Stand Dock Mount for All Smartphones, Tabs, Kindle, iPad (Moonlight Silver)","Stands","1499.00","4.0","28978"
"B07Q4QV1DL","ELV Aluminum Adjustable Mobile Phone Foldable Tabletop Stand Dock Mount for All Smartphones, Tabs, Kindle, iPad (Black)","Stands","1499.00","4.0","28978"
"B0B3DV7S9B","EN LIGNE Adjustable Cell Phone Stand, Foldable Portable Phone Stand Phone Holder for Desk, Desktop Tablet Stand Compatible with Mobile Phone/iPad/Tablet (Black)","Stands","499.00","3.0","104"
"B09Y14JLP3","STRIFF UPH2W Multi Angle Tablet/Mobile Stand. Holder for iPhone, Android, Samsung, OnePlus, Xiaomi. Portable,Foldable Stand.Perfect for Bed,Office, Home,Gift and Desktop (White)","Stands","499.00","4.0","2451"
"B08KRMK9LZ","Tukzer Stylus Pen, iPad Pencil with Palm Rejection Tilt Sensor| 2nd Gen for 2018-2022 iPad 6/7/8/9th Gen; iPad 10.2"", Pro 12.9/11"", Mini 6/5th, Air 5/4/3rd, Precise for Writing/Drawing (3 Spare Tips)","StylusPens","5999.00","4.0","6233"
"B09KGV7WSV","KINGONE Upgraded Stylus Pen, iPad Pencil, Ultra High Precision & Sensitivity, Palm Rejection, Prevents False ON/Off Touch, Power Display, Tilt Sensitivity, Magnetic Adsorption for iPad 2018 and Later","StylusPens","5999.00","4.0","17129"
"B08K4RDQ71","Tukzer Capacitive Stylus Pen for Touch Screens Devices, Fine Point, Lightweight Metal Body with Magnetism Cover Cap for Smartphones/Tablets/iPad/iPad Pro/iPhone (White)","StylusPens","999.00","3.0","16557"
"B08K4PSZ3V","Tukzer Capacitive Stylus Pen for Touch Screens Devices, Fine Point, Lightweight Metal Body with Magnetism Cover Cap for Smartphones/Tablets/iPad/iPad Pro/iPhone (Grey)","StylusPens","999.00","3.0","16557"
"B0B9BD2YL4","KINGONE Wireless Charging Pencil (2nd Generation) for iPad with Magnetic and Tilt Sensitive, Palm Rejection, Compatible with Apple iPad Pro 11 inch 1/2/3/4, iPad Pro 12.9 Inch 3/4/5/6, iPad Air 4/5, mini6","StylusPens","6999.00","4.0","1526"
"B08ZN4B121","WeCool Bluetooth Extendable Selfie Sticks with Wireless Remote and Tripod Stand, 3-in-1 Multifunctional Selfie Stick with Tripod Stand Compatible with iPhone/OnePlus/Samsung/Oppo/Vivo and All Phones","Tripods","1599.00","3.0","14648"
"B08CHKQ8D4","Wayona Type C to Lightning MFI Certified 20W Fast charging Nylon Braided USB C Cable for iPhone 14, 14 Pro, 14 Pro Max, 14 Plus, 13, 13 Pro, 13 Pro Max, 13 Mini, 12, 12 Pro, 11, 11 Pro Max iPhone 12 Mini, X, 8 (2M, Grey)","USBCables","1499.00","4.0","1045"
"B07JH1C41D","Wayona Nylon Braided (2 Pack) Lightning Fast Usb Data Cable Fast Charger Cord For Iphone, Ipad Tablet (3 Ft Pack Of 2, Grey)","USBCables","1999.00","4.0","24269"
"B08N1WL9XW","FLiX (Beetel) 3in1 (Type C|Micro|Iphone Lightening) Textured Pattern 3A Fast Charging Cable with QC & PD Support for Type C,Micro USB & Lightning Iphone Cable,Made in India,1.5 Meter Long Cable(T101)","USBCables","599.00","4.0","9378"
"B08P9RYPLR","FLiX (Beetel) USB to iPhone Lightning Textured Pattern Data Sync & 2A Fast Charging Cable, Made in India, 480Mbps Data Sync, Tough Cable, 1 Meter Long USB Cable for Apple Devices (Black)(XCD-L102)","USBCables","249.00","4.0","9378"
"B08PSQRW2T","Zoul Type C to Type C Fast Charging Cable 65W 2M/6ft USB C Nylon Braided Cord Compatible with MacBook Oneplus 9 9R Samsung Galaxy S21 Ultra S20+ (2M, Black)","USBCables","1099.00","4.0","2685"
"B08PSVBB2X","Zoul USB C to USB C Fast Charging Cable 65W Type C to Type C Nylon Braided Cord Compatible with Macbook Oneplus 9 10R Samsung Galaxy S22 S21 Ultra Z Flip3 Macbook Air/Pro M1 Google Pixel 11'' iPad Pro 2020/2018 (2M, Grey)","USBCables","1099.00","4.0","2685"
"B00RGLI0ZS","Amkette 30 Pin to USB Charging & Data Sync Cable for iPhone 3G/3GS/4/4s/iPad 1/2/3, iPod Nano 5th/6th Gen and iPod Touch 3rd/4th Gen -1.5m (Black)","USBCables","599.00","4.0","3231"
"B08WKFSN84","Wayona Type C To Type C 65W/3.25A Nylon Braided Fast Charging Cable Compatible For Laptop, Macbook, Samsung Galaxy M33 M53 M51 S20 Ultra, A71, A53, A51, Ipad Pro 2018 (1M, Grey)","USBCables","1099.00","4.0","2806"
"B0162K34H2","boAt LTG 500 Apple MFI Certified for iPhone, iPad and iPod 2Mtr Data Cable(Space Grey)","USBCables","999.00","4.0","6736"
"B08LKS3LSP","Gilary Multi Charging Cable, 3 in 1 Nylon Braided Fast Charging Cable for iPhone Micro USB Type C Mobile Phone | Colour May Vary |","USBCables","999.00","3.0","1097"
"B0162LYSFS","boAt LTG 500 Apple MFI Certified for iPhone, iPad and iPod 2Mtr Data Cable(Metallic Silver)","USBCables","1749.00","4.0","5626"
"B095244Q22","MYVN LTG to USB for Fast Charging & Data Sync USB Cable Compatible for iPhone 5/5s/6/6S/7/7+/8/8+/10/11, iPad Air/Mini, iPod and iOS Devices (1 M)","USBCables","999.00","3.0","2249"
"B07JGDB5M1","Wayona Nylon Braided 2M / 6Ft Fast Charge Usb To Lightning Data Sync And Charging Cable For Iphone, Ipad Tablet (6 Ft Pack Of 1, Grey)","USBCables","1299.00","4.0","24269"
"B096MSW6CT","Sounce Fast Phone Charging Cable & Data Sync USB Cable Compatible for iPhone 13, 12,11, X, 8, 7, 6, 5, iPad Air, Pro, Mini & iOS Devices","USBCables","999.00","3.0","7928"
"B07JH1CBGW","Wayona Nylon Braided Usb Syncing And Charging Cable Sync And Charging Cable For Iphone, Ipad (3 Ft, Black) - Pack Of 2","USBCables","1999.00","4.0","24269"
"B07JNVF678","Wayona Nylon Braided USB Data Sync and Fast Charging 3A Short Power Bank Cable For iPhones, iPad Air, iPad mini, iPod Nano and iPod Touch (Grey)","USBCables","999.00","4.0","13120"
"B07JPJJZ2H","Wayona Nylon Braided Lightning USB Data Sync & 3A Charging Cable for iPhones, iPad Air, iPad Mini, iPod Nano and iPod Touch (3 FT Pack of 1, Grey)","USBCables","1299.00","4.0","13120"
"B09C6HXFC1","Duracell USB Lightning Apple Certified (Mfi) Braided Sync & Charge Cable For Iphone, Ipad And Ipod. Fast Charging Lightning Cable, 3.9 Feet (1.2M) - Black","USBCables","1799.00","4.0","815"
"B09CMQRQM6","Ambrane Fast 100W Output Cable with Type-C to Type-C for Mobile, Laptop, Macbook & Table Charging, 480mbps Data Sync Speed, Braided Cable, 1.5m Length (ABCC-100, Black-Grey)","USBCables","899.00","4.0","919"
"B07JW1Y6XV","Wayona Nylon Braided 3A Lightning to USB A Syncing and Fast Charging Data Cable for iPhone, Ipad (3 FT Pack of 1, Black)","USBCables","1099.00","4.0","24269"
"B09G5TSGXV","Hi-Mobiler iPhone Charger Lightning Cable,2 Pack Apple MFi Certified USB iPhone Fast Chargering Cord,Data Sync Transfer for 13/12/11 Pro Max Xs X XR 8 7 6 5 5s iPad iPod More Model Cell Phone Cables","USBCables","799.00","4.0","2905"
"B07JW9H4J1","Wayona Nylon Braided USB to Lightning Fast Charging and Data Sync Cable Compatible for iPhone 13, 12,11, X, 8, 7, 6, 5, iPad Air, Pro, Mini (3 FT Pack of 1, Grey)","USBCables","1099.00","4.0","24270"
"B09HV71RL1","Wayona Type C to Lightning MFI Certified 20W Fast charging Nylon Braided USB C Cable for iPhone 14 Pro, 14 Pro Max, 14, 14 Plus, 13, 13 Pro, 13 Pro Max, 13 Mini, 12, 12 Pro, 11, 11 Pro Max, iPhone 12 Mini (2M, Black)","USBCables","1499.00","4.0","1045"
"B07LGT55SJ","Wayona Usb Nylon Braided Data Sync And Charging Cable For Iphone, Ipad Tablet (Red, Black)","USBCables","1099.00","4.0","24269"
"B09JSW16QD","boAt LTG 550v3 Lightning Apple MFi Certified Cable with Spaceship Grade Aluminium Housing,Stress Resistance, Rapid 2.4A Charging & 480mbps Data Sync, 1m Length & 10000+ Bends Lifespan(Mercurial Black)","USBCables","1490.00","3.0","356"
"B07XLCFSSN","Amazonbasics Nylon Braided Usb-C To Lightning Cable, Fast Charging Mfi Certified Smartphone, Iphone Charger (6-Foot, Dark Grey)","USBCables","1900.00","4.0","13552"
"B082T6GVG9","AmazonBasics New Release ABS USB-A to Lightning Cable Cord, Fast Charging MFi Certified Charger for Apple iPhone, iPad Tablet (3-Ft, White)","USBCables","1500.00","4.0","42301"
"B082T6GVLJ","Amazon Basics New Release Nylon USB-A to Lightning Cable Cord, Fast Charging MFi Certified Charger for Apple iPhone, iPad (3-Ft, Rose Gold)","USBCables","1809.00","4.0","6547"
"B082T6GXS5","AmazonBasics New Release Nylon USB-A to Lightning Cable Cord, MFi Certified Charger for Apple iPhone, iPad, Silver, 6-Ft","USBCables","2100.00","4.0","5492"
"B09W5XR9RT","Duracell USB C To Lightning Apple Certified (Mfi) Braided Sync & Charge Cable For Iphone, Ipad And Ipod. Fast Charging Lightning Cable, 3.9 Feet (1.2M) - Black","USBCables","1999.00","4.0","184"
"B084N1BM9L","Belkin Apple Certified Lightning to USB Charge and Sync Tough Braided Cable for iPhone, iPad, Air Pods, 3.3 feet (1 meters) – Black","USBCables","1999.00","4.0","7318"
"B082T6V3DT","AmazonBasics New Release Nylon USB-A to Lightning Cable Cord, Fast Charging MFi Certified Charger for Apple iPhone, iPad (6-Ft, Rose Gold)","USBCables","2100.00","4.0","8188"
"B084MZXJN6","Belkin Apple Certified Lightning to USB Charge and Sync Cable for iPhone, iPad, Air Pods, 39.6 inch (100cm) – Black","USBCables","1699.00","4.0","7318"
"B084MZXJNK","Belkin Apple Certified Lightning To Type C Cable, Tough Unbreakable Braided Fast Charging For Iphone, Ipad, Air Pods, 3.3 Feet (1 Meters)    White","USBCables","1999.00","4.0","1951"
"B0B2DJDCPX","SWAPKART Fast Charging Cable and Data Sync USB Cable Compatible for iPhone 6/6S/7/7+/8/8+/10/11, 12, 13 Pro max iPad Air/Mini, iPod and iOS Devices (White)","USBCables","499.00","3.0","536"
"B084N133Y7","Belkin Apple Certified Lightning To Type C Cable, Fast Charging For Iphone, Ipad, Air Pods, 3.3 Feet (1 Meters)    White","USBCables","1999.00","4.0","1951"
"B0B4DT8MKT","Wecool Unbreakable 3 in 1 Charging Cable with 3A Speed, Fast Charging Multi Purpose Cable 1.25 Mtr Long, Type C cable, Micro Usb Cable and Cable for iPhone, White","USBCables","1499.00","4.0","656"
"B0B5F3YZY4","Wayona 3in1 Nylon Braided 66W USB Fast Charging Cable with Type C, Lightening and Micro USB Port, Compatible with iPhone, iPad, Samsung Galaxy, OnePlus, Mi, Oppo, Vivo, iQOO, Xiaomi (1M, Black)","USBCables","1099.00","4.0","242"
"B086JTMRYL","ESR USB C to Lightning Cable, 10 ft (3 m), MFi-Certified, Braided Nylon Power Delivery Fast Charging for iPhone 14/14 Plus/14 Pro/14 Pro Max, iPhone 13/12/11/X/8 Series, Use with Type-C Chargers, Black","USBCables","1899.00","4.0","19763"
"B0B86CDHL1","oraimo 65W Type C to C Fast Charging Cable USB C to USB C Cable High Speed Syncing, Nylon Braided 1M length with LED Indicator Compatible For Laptop, Macbook, Samsung Galaxy S22 S20 S10 S20Fe S21 S21 Ultra A70 A51 A71 A50S M31 M51 M31S M53 5G","USBCables","899.00","4.0","149"
"B08CF3B7N1","Portronics Konnect L 1.2M Fast Charging 3A 8 Pin USB Cable with Charge & Sync Function for iPhone, iPad (Grey)","USBCables","399.00","4.0","16905"
"B0BQRJ3C47","REDTECH USB-C to Lightning Cable 3.3FT, [Apple MFi Certified] Lightning to Type C Fast Charging Cord Compatible with iPhone 14/13/13 pro/Max/12/11/X/XS/XR/8, Supports Power Delivery - White","USBCables","999.00","5.0",""
"B09163Q5CD","Verilux® USB C Hub Multiport Adapter- 6 in 1 Portable Aluminum Type C Hub with 4K HDMI Output, USB 2.0/3.0 Ports, SD/Micro SD Card Reader Compatible for MacBook Pro 2016-2020, MacBook Air 2018-2020, Type-C Devices","USBHubs","1929.00","4.0","1662"
"B097C564GC","rts [2 Pack] Mini USB C Type C Adapter Plug, Type C Female to USB A Male Charger Charging Cable Adapter Converter compatible for iPhone, Samsung S20 ultra/S21/S10/S8/S9/MacBook Pro iPad Silver","USBtoUSBAdapters","4999.00","4.0","4426"
"B094DQWV9B","Kanget [2 Pack] Type C Female to USB A Male Charger | Charging Cable Adapter Converter compatible for iPhone 14, 13, 12,11 Pro Max/Mini/XR/XS/X/SE, Samsung S20 ultra/S21/S10/S8/S9/MacBook Pro iPad (Grey)","USBtoUSBAdapters","399.00","4.0","1540"
"B09T37CKQ5","FLiX Usb Charger,Flix (Beetel) Bolt 2.4 Dual Poart,5V/2.4A/12W Usb Wall Charger Fast Charging,Adapter For Android/Iphone 11/Xs/Xs Max/Xr/X/8/7/6/Plus,Ipad Pro/Air 2/Mini 3/4,Samsung S4/S5 & More-Black","WallChargers","599.00","3.0","2147"
"B0B54Y2SNX","iPhone Original 20W C Type Fast PD Charger Compatible with I-Phone13/13 mini/13pro/13 pro Max I-Phone 12/12 Pro/12mini/12 Pro Max, I-Phone11/11 Pro/11 Pro Max 2020 (Only Adapter)","WallChargers","3990.00","3.0","119"
"B08VS3YLRK","Portronics Adapto 20 Type C 20W Fast PD/Type C Adapter Charger with Fast Charging for iPhone 12/12 Pro/12 Mini/12 Pro Max/11/XS/XR/X/8/Plus, iPad Pro/Air/Mini, Galaxy 10/9/8 (Adapter Only) White","WallChargers","1499.00","4.0","8599"
"B078G6ZF5Z","Oraimo 18W USB & Type-C Dual Output Super Fast Charger Wall Adapter PE2.0&Quick Charge 3.0 & Power Delivery 3.0 Compatible for iPhone 13/13 Mini/13 Pro Max/12/12 Pro Max, iPad Mini/Pro, Pixel, Galaxy, Airpods Pro","WallChargers","1199.00","4.0","14403"
"B089WB69Y1","USB Charger, Oraimo Elite Dual Port 5V/2.4A Wall Charger, USB Wall Charger Adapter for iPhone 11/Xs/XS Max/XR/X/8/7/6/Plus, iPad Pro/Air 2/Mini 3/Mini 4, Samsung S4/S5, and More","WallChargers","649.00","4.0","14404"
"B008QS9J6Y","Logitech C270 Digital HD Webcam with Widescreen HD Video Calling, HD Light Correction, Noise-Reducing Mic, for Skype, FaceTime, Hangouts, WebEx, PC/Mac/Laptop/MacBook/Tablet - (Black, HD 720p/30fps)","Webcams","2595.00","4.0","20398"
